filename,label,width,height,format,mode
Black_spiny-tailed_iguana_Black_spiny-tailed_iguana_10.jpg,0,2048,1536,JPEG,RGB
Black_spiny-tailed_iguana_Black_spiny-tailed_iguana_100.jpg,0,2048,1538,JPEG,RGB
Black_spiny-tailed_iguana_Black_spiny-tailed_iguana_101.jpg,0,1116,1116,JPEG,RGB
Black_spiny-tailed_iguana_Black_spiny-tailed_iguana_102.jpg,0,1536,2048,JPEG,RGB
Black_spiny-tailed_iguana_Black_spiny-tailed_iguana_103.jpg,0,1170,942,JPEG,RGB
Black_spiny-tailed_iguana_Black_spiny-tailed_iguana_105.jpg,0,2048,1365,JPEG,RGB
Black_spiny-tailed_iguana_Black_spiny-tailed_iguana_106.jpg,0,2048,1536,JPEG,RGB
Black_spiny-tailed_iguana_Black_spiny-tailed_iguana_107.jpg,0,1153,2048,JPEG,RGB
Black_spiny-tailed_iguana_Black_spiny-tailed_iguana_108.jpg,0,2048,1536,JPEG,RGB
Black_spiny-tailed_iguana_Black_spiny-tailed_iguana_109.jpg,0,2048,1152,JPEG,RGB
Black_spiny-tailed_iguana_Black_spiny-tailed_iguana_11.jpg,0,1152,2048,JPEG,RGB
Black_spiny-tailed_iguana_Black_spiny-tailed_iguana_110.jpg,0,1536,2048,JPEG,RGB
Black_spiny-tailed_iguana_Black_spiny-tailed_iguana_111.jpg,0,2048,1072,JPEG,RGB
Black_spiny-tailed_iguana_Black_spiny-tailed_iguana_112.jpg,0,1536,2048,JPEG,RGB
Black_spiny-tailed_iguana_Black_spiny-tailed_iguana_113.jpg,0,873,655,JPEG,RGB
Black_spiny-tailed_iguana_Black_spiny-tailed_iguana_114.jpg,0,2048,1536,JPEG,RGB
Black_spiny-tailed_iguana_Black_spiny-tailed_iguana_115.jpg,0,1536,2048,JPEG,RGB
Black_spiny-tailed_iguana_Black_spiny-tailed_iguana_116.jpg,0,2048,1536,JPEG,RGB
Black_spiny-tailed_iguana_Black_spiny-tailed_iguana_117.jpg,0,1536,2048,JPEG,RGB
Black_spiny-tailed_iguana_Black_spiny-tailed_iguana_118.jpg,0,1864,2048,JPEG,RGB
Black_spiny-tailed_iguana_Black_spiny-tailed_iguana_12.jpg,0,1536,2048,JPEG,RGB
Black_spiny-tailed_iguana_Black_spiny-tailed_iguana_120.jpg,0,1536,2048,JPEG,RGB
Black_spiny-tailed_iguana_Black_spiny-tailed_iguana_122.jpg,0,1536,2048,JPEG,RGB
Black_spiny-tailed_iguana_Black_spiny-tailed_iguana_123.jpg,0,1536,2048,JPEG,RGB
Black_spiny-tailed_iguana_Black_spiny-tailed_iguana_124.jpg,0,1536,2048,JPEG,RGB
Black_spiny-tailed_iguana_Black_spiny-tailed_iguana_126.jpg,0,1536,2048,JPEG,RGB
Black_spiny-tailed_iguana_Black_spiny-tailed_iguana_127.jpg,0,1152,2048,JPEG,RGB
Black_spiny-tailed_iguana_Black_spiny-tailed_iguana_128.jpg,0,2048,1365,JPEG,RGB
Black_spiny-tailed_iguana_Black_spiny-tailed_iguana_13.jpg,0,1152,2048,JPEG,RGB
Black_spiny-tailed_iguana_Black_spiny-tailed_iguana_132.jpg,0,2048,1365,JPEG,RGB
Black_spiny-tailed_iguana_Black_spiny-tailed_iguana_133.jpg,0,2048,1365,JPEG,RGB
Black_spiny-tailed_iguana_Black_spiny-tailed_iguana_134.jpg,0,2048,1536,JPEG,RGB
Black_spiny-tailed_iguana_Black_spiny-tailed_iguana_135.jpg,0,2048,1536,JPEG,RGB
Black_spiny-tailed_iguana_Black_spiny-tailed_iguana_136.jpg,0,1536,2048,JPEG,RGB
Black_spiny-tailed_iguana_Black_spiny-tailed_iguana_137.jpg,0,2048,1536,JPEG,RGB
Black_spiny-tailed_iguana_Black_spiny-tailed_iguana_138.jpg,0,1365,2048,JPEG,RGB
Black_spiny-tailed_iguana_Black_spiny-tailed_iguana_139.jpg,0,2048,1391,JPEG,RGB
Black_spiny-tailed_iguana_Black_spiny-tailed_iguana_14.jpg,0,1536,2048,JPEG,RGB
Black_spiny-tailed_iguana_Black_spiny-tailed_iguana_140.jpg,0,1534,2048,JPEG,RGB
Black_spiny-tailed_iguana_Black_spiny-tailed_iguana_141.jpg,0,1536,2048,JPEG,RGB
Black_spiny-tailed_iguana_Black_spiny-tailed_iguana_142.jpg,0,2048,1536,JPEG,RGB
Black_spiny-tailed_iguana_Black_spiny-tailed_iguana_143.jpg,0,2048,1280,JPEG,RGB
Black_spiny-tailed_iguana_Black_spiny-tailed_iguana_144.jpg,0,2048,1536,JPEG,RGB
Black_spiny-tailed_iguana_Black_spiny-tailed_iguana_146.jpg,0,2048,1536,JPEG,RGB
Black_spiny-tailed_iguana_Black_spiny-tailed_iguana_147.jpg,0,2048,1536,JPEG,RGB
Black_spiny-tailed_iguana_Black_spiny-tailed_iguana_148.jpg,0,1700,2048,JPEG,RGB
Black_spiny-tailed_iguana_Black_spiny-tailed_iguana_149.jpg,0,1304,1738,JPEG,RGB
Black_spiny-tailed_iguana_Black_spiny-tailed_iguana_151.jpg,0,1198,661,JPEG,RGB
Black_spiny-tailed_iguana_Black_spiny-tailed_iguana_152.jpg,0,2048,1536,JPEG,RGB
Black_spiny-tailed_iguana_Black_spiny-tailed_iguana_153.jpg,0,2048,1536,JPEG,RGB
Black_spiny-tailed_iguana_Black_spiny-tailed_iguana_154.jpg,0,2048,1536,JPEG,RGB
Black_spiny-tailed_iguana_Black_spiny-tailed_iguana_155.jpg,0,1440,1080,JPEG,RGB
Black_spiny-tailed_iguana_Black_spiny-tailed_iguana_156.jpg,0,2048,1542,JPEG,RGB
Black_spiny-tailed_iguana_Black_spiny-tailed_iguana_157.jpg,0,2048,1536,JPEG,RGB
Black_spiny-tailed_iguana_Black_spiny-tailed_iguana_159.jpg,0,1152,2048,JPEG,RGB
Black_spiny-tailed_iguana_Black_spiny-tailed_iguana_16.jpg,0,1152,2048,JPEG,RGB
Black_spiny-tailed_iguana_Black_spiny-tailed_iguana_160.jpg,0,1365,2048,JPEG,RGB
Black_spiny-tailed_iguana_Black_spiny-tailed_iguana_161.jpg,0,1533,1138,JPEG,RGB
Black_spiny-tailed_iguana_Black_spiny-tailed_iguana_163.jpg,0,1534,2048,JPEG,RGB
Black_spiny-tailed_iguana_Black_spiny-tailed_iguana_164.jpg,0,1534,2048,JPEG,RGB
Black_spiny-tailed_iguana_Black_spiny-tailed_iguana_165.jpg,0,1536,2048,JPEG,RGB
Black_spiny-tailed_iguana_Black_spiny-tailed_iguana_166.jpg,0,1536,2048,JPEG,RGB
Black_spiny-tailed_iguana_Black_spiny-tailed_iguana_167.jpg,0,1542,2048,JPEG,RGB
Black_spiny-tailed_iguana_Black_spiny-tailed_iguana_168.jpg,0,2048,2048,JPEG,RGB
Black_spiny-tailed_iguana_Black_spiny-tailed_iguana_169.jpg,0,1200,1600,JPEG,RGB
Black_spiny-tailed_iguana_Black_spiny-tailed_iguana_170.jpg,0,1536,2048,JPEG,RGB
Black_spiny-tailed_iguana_Black_spiny-tailed_iguana_171.jpg,0,2048,1366,JPEG,RGB
Black_spiny-tailed_iguana_Black_spiny-tailed_iguana_172.jpg,0,1152,2048,JPEG,RGB
Black_spiny-tailed_iguana_Black_spiny-tailed_iguana_173.jpg,0,1536,2048,JPEG,RGB
Black_spiny-tailed_iguana_Black_spiny-tailed_iguana_174.jpg,0,1522,1522,JPEG,RGB
Black_spiny-tailed_iguana_Black_spiny-tailed_iguana_175.jpg,0,946,2048,JPEG,RGB
Black_spiny-tailed_iguana_Black_spiny-tailed_iguana_176.jpg,0,2048,2048,JPEG,RGB
Black_spiny-tailed_iguana_Black_spiny-tailed_iguana_177.jpg,0,2048,1365,JPEG,RGB
Black_spiny-tailed_iguana_Black_spiny-tailed_iguana_178.jpg,0,2048,1365,JPEG,RGB
Black_spiny-tailed_iguana_Black_spiny-tailed_iguana_180.jpg,0,2048,1366,JPEG,RGB
Black_spiny-tailed_iguana_Black_spiny-tailed_iguana_182.jpg,0,1536,2048,JPEG,RGB
Black_spiny-tailed_iguana_Black_spiny-tailed_iguana_183.jpg,0,1536,2048,JPEG,RGB
Black_spiny-tailed_iguana_Black_spiny-tailed_iguana_184.jpg,0,2048,1536,JPEG,RGB
Black_spiny-tailed_iguana_Black_spiny-tailed_iguana_185.jpg,0,2048,1536,JPEG,RGB
Black_spiny-tailed_iguana_Black_spiny-tailed_iguana_186.jpg,0,2048,1536,JPEG,RGB
Black_spiny-tailed_iguana_Black_spiny-tailed_iguana_187.jpg,0,1536,2048,JPEG,RGB
Black_spiny-tailed_iguana_Black_spiny-tailed_iguana_188.jpg,0,1152,2048,JPEG,RGB
Black_spiny-tailed_iguana_Black_spiny-tailed_iguana_189.jpg,0,2048,2048,JPEG,RGB
Black_spiny-tailed_iguana_Black_spiny-tailed_iguana_19.jpg,0,2048,1152,JPEG,RGB
Black_spiny-tailed_iguana_Black_spiny-tailed_iguana_190.jpg,0,2048,1536,JPEG,RGB
Black_spiny-tailed_iguana_Black_spiny-tailed_iguana_191.jpg,0,1534,2048,JPEG,RGB
Black_spiny-tailed_iguana_Black_spiny-tailed_iguana_192.jpg,0,2048,1536,JPEG,RGB
Black_spiny-tailed_iguana_Black_spiny-tailed_iguana_193.jpg,0,1542,2048,JPEG,RGB
Black_spiny-tailed_iguana_Black_spiny-tailed_iguana_194.jpg,0,1152,2048,JPEG,RGB
Black_spiny-tailed_iguana_Black_spiny-tailed_iguana_195.jpg,0,1536,2048,JPEG,RGB
Black_spiny-tailed_iguana_Black_spiny-tailed_iguana_196.jpg,0,2048,1536,JPEG,RGB
Black_spiny-tailed_iguana_Black_spiny-tailed_iguana_198.jpg,0,1536,2048,JPEG,RGB
Black_spiny-tailed_iguana_Black_spiny-tailed_iguana_199.jpg,0,2048,1536,JPEG,RGB
Black_spiny-tailed_iguana_Black_spiny-tailed_iguana_2.jpg,0,1536,2048,JPEG,RGB
Black_spiny-tailed_iguana_Black_spiny-tailed_iguana_20.jpg,0,2048,1536,JPEG,RGB
Black_spiny-tailed_iguana_Black_spiny-tailed_iguana_200.jpg,0,1536,2048,JPEG,RGB
Black_spiny-tailed_iguana_Black_spiny-tailed_iguana_202.jpg,0,1536,2048,JPEG,RGB
Black_spiny-tailed_iguana_Black_spiny-tailed_iguana_203.jpg,0,2048,1365,JPEG,RGB
Black_spiny-tailed_iguana_Black_spiny-tailed_iguana_204.jpg,0,2048,1536,JPEG,RGB
Black_spiny-tailed_iguana_Black_spiny-tailed_iguana_205.jpg,0,1536,2048,JPEG,RGB
Black_spiny-tailed_iguana_Black_spiny-tailed_iguana_206.jpg,0,1536,2048,JPEG,RGB
Black_spiny-tailed_iguana_Black_spiny-tailed_iguana_207.jpg,0,1536,2048,JPEG,RGB
Black_spiny-tailed_iguana_Black_spiny-tailed_iguana_209.jpg,0,2048,1365,JPEG,RGB
Black_spiny-tailed_iguana_Black_spiny-tailed_iguana_210.jpg,0,2048,1536,JPEG,RGB
Black_spiny-tailed_iguana_Black_spiny-tailed_iguana_211.jpg,0,1152,2048,JPEG,RGB
Black_spiny-tailed_iguana_Black_spiny-tailed_iguana_212.jpg,0,1536,2048,JPEG,RGB
Black_spiny-tailed_iguana_Black_spiny-tailed_iguana_213.jpg,0,1152,2048,JPEG,RGB
Black_spiny-tailed_iguana_Black_spiny-tailed_iguana_214.jpg,0,1536,2048,JPEG,RGB
Black_spiny-tailed_iguana_Black_spiny-tailed_iguana_215.jpg,0,1536,2048,JPEG,RGB
Black_spiny-tailed_iguana_Black_spiny-tailed_iguana_216.jpg,0,1152,2048,JPEG,RGB
Black_spiny-tailed_iguana_Black_spiny-tailed_iguana_217.jpg,0,1536,2048,JPEG,RGB
Black_spiny-tailed_iguana_Black_spiny-tailed_iguana_218.jpg,0,2048,1365,JPEG,RGB
Black_spiny-tailed_iguana_Black_spiny-tailed_iguana_219.jpg,0,2048,1152,JPEG,RGB
Black_spiny-tailed_iguana_Black_spiny-tailed_iguana_22.jpg,0,1536,2048,JPEG,RGB
Black_spiny-tailed_iguana_Black_spiny-tailed_iguana_220.jpg,0,2048,1536,JPEG,RGB
Black_spiny-tailed_iguana_Black_spiny-tailed_iguana_23.jpg,0,2048,1536,JPEG,RGB
Black_spiny-tailed_iguana_Black_spiny-tailed_iguana_24.jpg,0,1536,2048,JPEG,RGB
Black_spiny-tailed_iguana_Black_spiny-tailed_iguana_25.jpg,0,1536,2048,JPEG,RGB
Black_spiny-tailed_iguana_Black_spiny-tailed_iguana_27.jpg,0,2048,1536,JPEG,RGB
Black_spiny-tailed_iguana_Black_spiny-tailed_iguana_29.jpg,0,2048,1536,JPEG,RGB
Black_spiny-tailed_iguana_Black_spiny-tailed_iguana_30.jpg,0,2048,1536,JPEG,RGB
Black_spiny-tailed_iguana_Black_spiny-tailed_iguana_31.jpg,0,1536,2048,JPEG,RGB
Black_spiny-tailed_iguana_Black_spiny-tailed_iguana_32.jpg,0,1536,2048,JPEG,RGB
Black_spiny-tailed_iguana_Black_spiny-tailed_iguana_34.jpg,0,1164,1141,JPEG,RGB
Black_spiny-tailed_iguana_Black_spiny-tailed_iguana_35.jpg,0,1524,1069,JPEG,RGB
Black_spiny-tailed_iguana_Black_spiny-tailed_iguana_36.jpg,0,1536,2048,JPEG,RGB
Black_spiny-tailed_iguana_Black_spiny-tailed_iguana_37.jpg,0,1440,1080,JPEG,RGB
Black_spiny-tailed_iguana_Black_spiny-tailed_iguana_38.jpg,0,1536,2048,JPEG,RGB
Black_spiny-tailed_iguana_Black_spiny-tailed_iguana_39.jpg,0,2048,1536,JPEG,RGB
Black_spiny-tailed_iguana_Black_spiny-tailed_iguana_4.jpg,0,2048,1536,JPEG,RGB
Black_spiny-tailed_iguana_Black_spiny-tailed_iguana_42.jpg,0,1536,2048,JPEG,RGB
Black_spiny-tailed_iguana_Black_spiny-tailed_iguana_43.jpg,0,2048,1536,JPEG,RGB
Black_spiny-tailed_iguana_Black_spiny-tailed_iguana_45.jpg,0,1556,2048,JPEG,RGB
Black_spiny-tailed_iguana_Black_spiny-tailed_iguana_46.jpg,0,1536,2048,JPEG,RGB
Black_spiny-tailed_iguana_Black_spiny-tailed_iguana_47.jpg,0,2048,1365,JPEG,RGB
Black_spiny-tailed_iguana_Black_spiny-tailed_iguana_48.jpg,0,1130,812,JPEG,RGB
Black_spiny-tailed_iguana_Black_spiny-tailed_iguana_49.jpg,0,1536,2048,JPEG,RGB
Black_spiny-tailed_iguana_Black_spiny-tailed_iguana_5.jpg,0,1536,2048,JPEG,RGB
Black_spiny-tailed_iguana_Black_spiny-tailed_iguana_50.jpg,0,2048,1536,JPEG,RGB
Black_spiny-tailed_iguana_Black_spiny-tailed_iguana_51.jpg,0,2048,1365,JPEG,RGB
Black_spiny-tailed_iguana_Black_spiny-tailed_iguana_52.jpg,0,2048,1715,JPEG,RGB
Black_spiny-tailed_iguana_Black_spiny-tailed_iguana_53.jpg,0,2048,1536,JPEG,RGB
Black_spiny-tailed_iguana_Black_spiny-tailed_iguana_54.jpg,0,2048,1536,JPEG,RGB
Black_spiny-tailed_iguana_Black_spiny-tailed_iguana_55.jpg,0,2048,1536,JPEG,RGB
Black_spiny-tailed_iguana_Black_spiny-tailed_iguana_56.jpg,0,1221,2048,JPEG,RGB
Black_spiny-tailed_iguana_Black_spiny-tailed_iguana_57.jpg,0,2048,1536,JPEG,RGB
Black_spiny-tailed_iguana_Black_spiny-tailed_iguana_59.jpg,0,1536,2048,JPEG,RGB
Black_spiny-tailed_iguana_Black_spiny-tailed_iguana_60.jpg,0,1153,2048,JPEG,RGB
Black_spiny-tailed_iguana_Black_spiny-tailed_iguana_62.jpg,0,2048,1536,JPEG,RGB
Black_spiny-tailed_iguana_Black_spiny-tailed_iguana_63.jpg,0,1152,2048,JPEG,RGB
Black_spiny-tailed_iguana_Black_spiny-tailed_iguana_64.jpg,0,2048,1536,JPEG,RGB
Black_spiny-tailed_iguana_Black_spiny-tailed_iguana_65.jpg,0,1920,1080,JPEG,RGB
Black_spiny-tailed_iguana_Black_spiny-tailed_iguana_66.jpg,0,2048,1365,JPEG,RGB
Black_spiny-tailed_iguana_Black_spiny-tailed_iguana_67.jpg,0,1542,2048,JPEG,RGB
Black_spiny-tailed_iguana_Black_spiny-tailed_iguana_68.jpg,0,1537,2048,JPEG,RGB
Black_spiny-tailed_iguana_Black_spiny-tailed_iguana_69.jpg,0,1440,1080,JPEG,RGB
Black_spiny-tailed_iguana_Black_spiny-tailed_iguana_71.jpg,0,1536,2048,JPEG,RGB
Black_spiny-tailed_iguana_Black_spiny-tailed_iguana_73.jpg,0,2048,2048,JPEG,RGB
Black_spiny-tailed_iguana_Black_spiny-tailed_iguana_74.jpg,0,2048,2048,JPEG,RGB
Black_spiny-tailed_iguana_Black_spiny-tailed_iguana_75.jpg,0,2048,1536,JPEG,RGB
Black_spiny-tailed_iguana_Black_spiny-tailed_iguana_76.jpg,0,1536,2048,JPEG,RGB
Black_spiny-tailed_iguana_Black_spiny-tailed_iguana_78.jpg,0,1170,717,JPEG,RGB
Black_spiny-tailed_iguana_Black_spiny-tailed_iguana_79.jpg,0,2048,1536,JPEG,RGB
Black_spiny-tailed_iguana_Black_spiny-tailed_iguana_8.jpg,0,2048,1536,JPEG,RGB
Black_spiny-tailed_iguana_Black_spiny-tailed_iguana_80.jpg,0,1536,2048,JPEG,RGB
Black_spiny-tailed_iguana_Black_spiny-tailed_iguana_81.jpg,0,2048,1153,JPEG,RGB
Black_spiny-tailed_iguana_Black_spiny-tailed_iguana_82.jpg,0,1024,768,JPEG,RGB
Black_spiny-tailed_iguana_Black_spiny-tailed_iguana_83.jpg,0,2048,1536,JPEG,RGB
Black_spiny-tailed_iguana_Black_spiny-tailed_iguana_84.jpg,0,2048,1536,JPEG,RGB
Black_spiny-tailed_iguana_Black_spiny-tailed_iguana_86.jpg,0,1865,1322,JPEG,RGB
Black_spiny-tailed_iguana_Black_spiny-tailed_iguana_88.jpg,0,1536,2048,JPEG,RGB
Black_spiny-tailed_iguana_Black_spiny-tailed_iguana_89.jpg,0,1536,2048,JPEG,RGB
Black_spiny-tailed_iguana_Black_spiny-tailed_iguana_9.jpg,0,2048,1365,JPEG,RGB
Black_spiny-tailed_iguana_Black_spiny-tailed_iguana_90.jpg,0,2048,1536,JPEG,RGB
Black_spiny-tailed_iguana_Black_spiny-tailed_iguana_91.jpg,0,921,2048,JPEG,RGB
Black_spiny-tailed_iguana_Black_spiny-tailed_iguana_92.jpg,0,2048,1365,JPEG,RGB
Black_spiny-tailed_iguana_Black_spiny-tailed_iguana_93.jpg,0,1536,2048,JPEG,RGB
Black_spiny-tailed_iguana_Black_spiny-tailed_iguana_94.jpg,0,2048,1536,JPEG,RGB
Black_spiny-tailed_iguana_Black_spiny-tailed_iguana_97.jpg,0,1600,1200,JPEG,RGB
Black_spiny-tailed_iguana_Black_spiny-tailed_iguana_98.jpg,0,1536,2048,JPEG,RGB
Black_spiny-tailed_iguana_Black_spiny-tailed_iguana_99.jpg,0,2048,1536,JPEG,RGB
Black_spiny-tailed_iguana_Ctenosaura_similis_1.jpg,0,2048,1536,JPEG,RGB
Black_spiny-tailed_iguana_Ctenosaura_similis_10.jpg,0,2048,1536,JPEG,RGB
Black_spiny-tailed_iguana_Ctenosaura_similis_11.jpg,0,1152,2048,JPEG,RGB
Black_spiny-tailed_iguana_Ctenosaura_similis_12.jpg,0,1536,2048,JPEG,RGB
Black_spiny-tailed_iguana_Ctenosaura_similis_13.jpg,0,1152,2048,JPEG,RGB
Black_spiny-tailed_iguana_Ctenosaura_similis_14.jpg,0,1536,2048,JPEG,RGB
Black_spiny-tailed_iguana_Ctenosaura_similis_15.jpg,0,1536,2048,JPEG,RGB
Black_spiny-tailed_iguana_Ctenosaura_similis_16.jpg,0,1152,2048,JPEG,RGB
Black_spiny-tailed_iguana_Ctenosaura_similis_17.jpg,0,1536,2048,JPEG,RGB
Black_spiny-tailed_iguana_Ctenosaura_similis_19.jpg,0,2048,1152,JPEG,RGB
Black_spiny-tailed_iguana_Ctenosaura_similis_2.jpg,0,1536,2048,JPEG,RGB
Black_spiny-tailed_iguana_Ctenosaura_similis_20.jpg,0,2048,1536,JPEG,RGB
Black_spiny-tailed_iguana_Ctenosaura_similis_3.jpg,0,2048,1365,JPEG,RGB
Black_spiny-tailed_iguana_Ctenosaura_similis_4.jpg,0,2048,1536,JPEG,RGB
Black_spiny-tailed_iguana_Ctenosaura_similis_5.jpg,0,1536,2048,JPEG,RGB
Black_spiny-tailed_iguana_Ctenosaura_similis_6.jpg,0,1536,2048,JPEG,RGB
Black_spiny-tailed_iguana_Ctenosaura_similis_7.jpg,0,1536,2048,JPEG,RGB
Black_spiny-tailed_iguana_Ctenosaura_similis_8.jpg,0,2048,1536,JPEG,RGB
Brown_anole_Anolis_carolinensis_1.jpg,1,1536,2048,JPEG,RGB
Brown_anole_Anolis_carolinensis_10.jpg,1,2048,1365,JPEG,RGB
Brown_anole_Anolis_carolinensis_12.jpg,1,2048,1536,JPEG,RGB
Brown_anole_Anolis_carolinensis_13.jpg,1,1536,2048,JPEG,RGB
Brown_anole_Anolis_carolinensis_14.jpg,1,1152,2048,JPEG,RGB
Brown_anole_Anolis_carolinensis_16.jpg,1,1152,2048,JPEG,RGB
Brown_anole_Anolis_carolinensis_17.jpg,1,1536,2048,JPEG,RGB
Brown_anole_Anolis_carolinensis_18.jpg,1,1536,2048,JPEG,RGB
Brown_anole_Anolis_carolinensis_19.jpg,1,1536,2048,JPEG,RGB
Brown_anole_Anolis_carolinensis_2.jpg,1,1979,1979,JPEG,RGB
Brown_anole_Anolis_carolinensis_20.jpg,1,2048,1536,JPEG,RGB
Brown_anole_Anolis_carolinensis_3.jpg,1,2048,1536,JPEG,RGB
Brown_anole_Anolis_carolinensis_5.jpg,1,1536,2048,JPEG,RGB
Brown_anole_Anolis_carolinensis_6.jpg,1,2048,1038,JPEG,RGB
Brown_anole_Anolis_carolinensis_7.jpg,1,1536,2048,JPEG,RGB
Brown_anole_Anolis_carolinensis_8.jpg,1,1152,2048,JPEG,RGB
Brown_anole_Anolis_carolinensis_9.jpg,1,2048,1536,JPEG,RGB
Brown_anole_Brown_anole_1.jpg,1,1536,2048,JPEG,RGB
Brown_anole_Brown_anole_10.jpg,1,1536,2048,JPEG,RGB
Brown_anole_Brown_anole_100.jpg,1,1152,2048,JPEG,RGB
Brown_anole_Brown_anole_101.jpg,1,1536,2048,JPEG,RGB
Brown_anole_Brown_anole_102.jpg,1,2048,1365,JPEG,RGB
Brown_anole_Brown_anole_103.jpg,1,2048,1365,JPEG,RGB
Brown_anole_Brown_anole_104.jpg,1,1152,2048,JPEG,RGB
Brown_anole_Brown_anole_105.jpg,1,2048,1152,JPEG,RGB
Brown_anole_Brown_anole_106.jpg,1,1536,2048,JPEG,RGB
Brown_anole_Brown_anole_108.jpg,1,2048,1536,JPEG,RGB
Brown_anole_Brown_anole_11.jpg,1,2048,1542,JPEG,RGB
Brown_anole_Brown_anole_110.jpg,1,2048,1536,JPEG,RGB
Brown_anole_Brown_anole_111.jpg,1,1536,2048,JPEG,RGB
Brown_anole_Brown_anole_112.jpg,1,1694,1540,JPEG,RGB
Brown_anole_Brown_anole_113.jpg,1,1536,2048,JPEG,RGB
Brown_anole_Brown_anole_114.jpg,1,2048,1725,JPEG,RGB
Brown_anole_Brown_anole_115.jpg,1,1536,2048,JPEG,RGB
Brown_anole_Brown_anole_116.jpg,1,1536,2048,JPEG,RGB
Brown_anole_Brown_anole_117.jpg,1,1152,2048,JPEG,RGB
Brown_anole_Brown_anole_119.jpg,1,2000,1500,JPEG,RGB
Brown_anole_Brown_anole_120.jpg,1,1536,2048,JPEG,RGB
Brown_anole_Brown_anole_121.jpg,1,2048,1536,JPEG,RGB
Brown_anole_Brown_anole_122.jpg,1,2048,1536,JPEG,RGB
Brown_anole_Brown_anole_123.jpg,1,1152,2048,JPEG,RGB
Brown_anole_Brown_anole_124.jpg,1,2048,1365,JPEG,RGB
Brown_anole_Brown_anole_125.jpg,1,2048,1365,JPEG,RGB
Brown_anole_Brown_anole_126.jpg,1,2048,1536,JPEG,RGB
Brown_anole_Brown_anole_128.jpg,1,2048,1536,JPEG,RGB
Brown_anole_Brown_anole_129.jpg,1,1536,2048,JPEG,RGB
Brown_anole_Brown_anole_13.jpg,1,1152,2048,JPEG,RGB
Brown_anole_Brown_anole_131.jpg,1,1480,779,JPEG,RGB
Brown_anole_Brown_anole_132.jpg,1,1536,2048,JPEG,RGB
Brown_anole_Brown_anole_133.jpg,1,1536,2048,JPEG,RGB
Brown_anole_Brown_anole_134.jpg,1,1152,2048,JPEG,RGB
Brown_anole_Brown_anole_135.jpg,1,1536,2048,JPEG,RGB
Brown_anole_Brown_anole_136.jpg,1,1536,2048,JPEG,RGB
Brown_anole_Brown_anole_137.jpg,1,1152,2048,JPEG,RGB
Brown_anole_Brown_anole_138.jpg,1,1536,2048,JPEG,RGB
Brown_anole_Brown_anole_139.jpg,1,1152,2048,JPEG,RGB
Brown_anole_Brown_anole_14.jpg,1,1152,2048,JPEG,RGB
Brown_anole_Brown_anole_140.jpg,1,1152,2048,JPEG,RGB
Brown_anole_Brown_anole_141.jpg,1,1152,2048,JPEG,RGB
Brown_anole_Brown_anole_142.jpg,1,2048,1365,JPEG,RGB
Brown_anole_Brown_anole_143.jpg,1,2048,1160,JPEG,RGB
Brown_anole_Brown_anole_144.jpg,1,1428,2048,JPEG,RGB
Brown_anole_Brown_anole_145.jpg,1,2048,1094,JPEG,RGB
Brown_anole_Brown_anole_146.jpg,1,1536,2048,JPEG,RGB
Brown_anole_Brown_anole_147.jpg,1,1536,2048,JPEG,RGB
Brown_anole_Brown_anole_148.jpg,1,1913,1756,JPEG,RGB
Brown_anole_Brown_anole_149.jpg,1,2048,1145,JPEG,RGB
Brown_anole_Brown_anole_15.jpg,1,1152,2048,JPEG,RGB
Brown_anole_Brown_anole_150.jpg,1,1536,2048,JPEG,RGB
Brown_anole_Brown_anole_151.jpg,1,2048,1536,JPEG,RGB
Brown_anole_Brown_anole_153.jpg,1,1152,2048,JPEG,RGB
Brown_anole_Brown_anole_154.jpg,1,1152,2048,JPEG,RGB
Brown_anole_Brown_anole_156.jpg,1,1536,2048,JPEG,RGB
Brown_anole_Brown_anole_157.jpg,1,1152,2048,JPEG,RGB
Brown_anole_Brown_anole_158.jpg,1,1536,2048,JPEG,RGB
Brown_anole_Brown_anole_159.jpg,1,1536,2048,JPEG,RGB
Brown_anole_Brown_anole_16.jpg,1,900,1600,JPEG,RGB
Brown_anole_Brown_anole_160.jpg,1,1536,2048,JPEG,RGB
Brown_anole_Brown_anole_161.jpg,1,1604,2048,JPEG,RGB
Brown_anole_Brown_anole_162.jpg,1,1536,2048,JPEG,RGB
Brown_anole_Brown_anole_163.jpg,1,2048,1536,JPEG,RGB
Brown_anole_Brown_anole_164.jpg,1,1536,2048,JPEG,RGB
Brown_anole_Brown_anole_165.jpg,1,1152,2048,JPEG,RGB
Brown_anole_Brown_anole_167.jpg,1,1152,2048,JPEG,RGB
Brown_anole_Brown_anole_168.jpg,1,2048,1536,JPEG,RGB
Brown_anole_Brown_anole_17.jpg,1,1536,2048,JPEG,RGB
Brown_anole_Brown_anole_170.jpg,1,2048,1152,JPEG,RGB
Brown_anole_Brown_anole_171.jpg,1,2048,1536,JPEG,RGB
Brown_anole_Brown_anole_172.jpg,1,2048,1852,JPEG,RGB
Brown_anole_Brown_anole_173.jpg,1,2048,1580,JPEG,RGB
Brown_anole_Brown_anole_175.jpg,1,1536,2048,JPEG,RGB
Brown_anole_Brown_anole_176.jpg,1,1536,2048,JPEG,RGB
Brown_anole_Brown_anole_177.jpg,1,2048,1365,JPEG,RGB
Brown_anole_Brown_anole_178.jpg,1,2048,1365,JPEG,RGB
Brown_anole_Brown_anole_179.jpg,1,1280,960,JPEG,RGB
Brown_anole_Brown_anole_18.jpg,1,2048,1151,JPEG,RGB
Brown_anole_Brown_anole_180.jpg,1,1534,2048,JPEG,RGB
Brown_anole_Brown_anole_181.jpg,1,1280,1707,JPEG,RGB
Brown_anole_Brown_anole_184.jpg,1,789,1135,JPEG,RGB
Brown_anole_Brown_anole_185.jpg,1,1152,2048,JPEG,RGB
Brown_anole_Brown_anole_186.jpg,1,2048,1537,JPEG,RGB
Brown_anole_Brown_anole_187.jpg,1,1536,2048,JPEG,RGB
Brown_anole_Brown_anole_188.jpg,1,1652,1239,JPEG,RGB
Brown_anole_Brown_anole_189.jpg,1,1951,1709,JPEG,RGB
Brown_anole_Brown_anole_19.jpg,1,2048,1542,JPEG,RGB
Brown_anole_Brown_anole_190.jpg,1,1686,2048,JPEG,RGB
Brown_anole_Brown_anole_191.jpg,1,1542,2048,JPEG,RGB
Brown_anole_Brown_anole_192.jpg,1,2048,1536,JPEG,RGB
Brown_anole_Brown_anole_193.jpg,1,1536,2048,JPEG,RGB
Brown_anole_Brown_anole_194.jpg,1,1536,2048,JPEG,RGB
Brown_anole_Brown_anole_195.jpg,1,2048,1536,JPEG,RGB
Brown_anole_Brown_anole_196.jpg,1,2048,1536,JPEG,RGB
Brown_anole_Brown_anole_197.jpg,1,2048,1365,JPEG,RGB
Brown_anole_Brown_anole_198.jpg,1,2048,1365,JPEG,RGB
Brown_anole_Brown_anole_199.jpg,1,2048,1536,JPEG,RGB
Brown_anole_Brown_anole_2.jpg,1,860,1218,JPEG,RGB
Brown_anole_Brown_anole_20.jpg,1,1536,2048,JPEG,RGB
Brown_anole_Brown_anole_200.jpg,1,1536,2048,JPEG,RGB
Brown_anole_Brown_anole_202.jpg,1,860,1218,JPEG,RGB
Brown_anole_Brown_anole_204.jpg,1,1331,2048,JPEG,RGB
Brown_anole_Brown_anole_205.jpg,1,1104,738,JPEG,RGB
Brown_anole_Brown_anole_206.jpg,1,1152,2048,JPEG,RGB
Brown_anole_Brown_anole_207.jpg,1,395,855,JPEG,RGB
Brown_anole_Brown_anole_209.jpg,1,1600,901,JPEG,RGB
Brown_anole_Brown_anole_210.jpg,1,1536,2048,JPEG,RGB
Brown_anole_Brown_anole_211.jpg,1,2048,1542,JPEG,RGB
Brown_anole_Brown_anole_212.jpg,1,667,1383,JPEG,RGB
Brown_anole_Brown_anole_214.jpg,1,1152,2048,JPEG,RGB
Brown_anole_Brown_anole_216.jpg,1,900,1600,JPEG,RGB
Brown_anole_Brown_anole_217.jpg,1,1536,2048,JPEG,RGB
Brown_anole_Brown_anole_218.jpg,1,2048,1151,JPEG,RGB
Brown_anole_Brown_anole_220.jpg,1,1536,2048,JPEG,RGB
Brown_anole_Brown_anole_23.jpg,1,2048,1152,JPEG,RGB
Brown_anole_Brown_anole_25.jpg,1,1536,2048,JPEG,RGB
Brown_anole_Brown_anole_26.jpg,1,1536,2048,JPEG,RGB
Brown_anole_Brown_anole_27.jpg,1,927,1054,JPEG,RGB
Brown_anole_Brown_anole_28.jpg,1,2048,1365,JPEG,RGB
Brown_anole_Brown_anole_29.jpg,1,1152,2048,JPEG,RGB
Brown_anole_Brown_anole_30.jpg,1,1536,2048,JPEG,RGB
Brown_anole_Brown_anole_31.jpg,1,959,2048,JPEG,RGB
Brown_anole_Brown_anole_32.jpg,1,1488,1889,JPEG,RGB
Brown_anole_Brown_anole_33.jpg,1,2048,1533,JPEG,RGB
Brown_anole_Brown_anole_34.jpg,1,1536,2048,JPEG,RGB
Brown_anole_Brown_anole_36.jpg,1,1152,2048,JPEG,RGB
Brown_anole_Brown_anole_37.jpg,1,1152,2048,JPEG,RGB
Brown_anole_Brown_anole_4.jpg,1,1331,2048,JPEG,RGB
Brown_anole_Brown_anole_40.jpg,1,2048,2048,JPEG,RGB
Brown_anole_Brown_anole_41.jpg,1,2048,2048,JPEG,RGB
Brown_anole_Brown_anole_43.jpg,1,1536,2048,JPEG,RGB
Brown_anole_Brown_anole_44.jpg,1,831,819,JPEG,RGB
Brown_anole_Brown_anole_45.jpg,1,1536,2048,JPEG,RGB
Brown_anole_Brown_anole_47.jpg,1,1152,2048,JPEG,RGB
Brown_anole_Brown_anole_49.jpg,1,1152,2048,JPEG,RGB
Brown_anole_Brown_anole_5.jpg,1,1104,738,JPEG,RGB
Brown_anole_Brown_anole_51.jpg,1,1536,2048,JPEG,RGB
Brown_anole_Brown_anole_52.jpg,1,1536,2048,JPEG,RGB
Brown_anole_Brown_anole_53.jpg,1,2032,1248,JPEG,RGB
Brown_anole_Brown_anole_55.jpg,1,1152,2048,JPEG,RGB
Brown_anole_Brown_anole_57.jpg,1,2048,1536,JPEG,RGB
Brown_anole_Brown_anole_58.jpg,1,1152,2048,JPEG,RGB
Brown_anole_Brown_anole_61.jpg,1,1536,2048,JPEG,RGB
Brown_anole_Brown_anole_62.jpg,1,1536,2048,JPEG,RGB
Brown_anole_Brown_anole_63.jpg,1,1946,2006,JPEG,RGB
Brown_anole_Brown_anole_64.jpg,1,1536,2048,JPEG,RGB
Brown_anole_Brown_anole_67.jpg,1,900,700,JPEG,RGB
Brown_anole_Brown_anole_68.jpg,1,900,700,JPEG,RGB
Brown_anole_Brown_anole_69.jpg,1,2048,1536,JPEG,RGB
Brown_anole_Brown_anole_70.jpg,1,2048,2048,JPEG,RGB
Brown_anole_Brown_anole_71.jpg,1,2048,1536,JPEG,RGB
Brown_anole_Brown_anole_73.jpg,1,2048,1366,JPEG,RGB
Brown_anole_Brown_anole_75.jpg,1,2048,1365,JPEG,RGB
Brown_anole_Brown_anole_76.jpg,1,1365,2048,JPEG,RGB
Brown_anole_Brown_anole_79.jpg,1,2048,2048,JPEG,RGB
Brown_anole_Brown_anole_8.jpg,1,1536,2048,JPEG,RGB
Brown_anole_Brown_anole_80.jpg,1,2048,1729,JPEG,RGB
Brown_anole_Brown_anole_81.jpg,1,1542,2048,JPEG,RGB
Brown_anole_Brown_anole_82.jpg,1,2048,1366,JPEG,RGB
Brown_anole_Brown_anole_84.jpg,1,2048,1366,JPEG,RGB
Brown_anole_Brown_anole_85.jpg,1,2048,1536,JPEG,RGB
Brown_anole_Brown_anole_86.jpg,1,2048,1536,JPEG,RGB
Brown_anole_Brown_anole_87.jpg,1,1536,2048,JPEG,RGB
Brown_anole_Brown_anole_88.jpg,1,1536,2048,JPEG,RGB
Brown_anole_Brown_anole_89.jpg,1,1536,2048,JPEG,RGB
Brown_anole_Brown_anole_9.jpg,1,1600,901,JPEG,RGB
Brown_anole_Brown_anole_90.jpg,1,1457,2048,JPEG,RGB
Brown_anole_Brown_anole_92.jpg,1,1152,2048,JPEG,RGB
Brown_anole_Brown_anole_93.jpg,1,1152,2048,JPEG,RGB
Brown_anole_Brown_anole_94.jpg,1,1536,2048,JPEG,RGB
Brown_anole_Brown_anole_95.jpg,1,1536,2048,JPEG,RGB
Brown_anole_Brown_anole_96.jpg,1,1536,2048,JPEG,RGB
Brown_anole_Brown_anole_97.jpg,1,1536,2048,JPEG,RGB
Brown_anole_Brown_anole_98.jpg,1,1536,2048,JPEG,RGB
Brown_anole_Brown_anole_99.jpg,1,2048,1536,JPEG,RGB
Cuban_knight_anole_Anolis_equestris_10.jpg,2,1536,2048,JPEG,RGB
Cuban_knight_anole_Anolis_equestris_11.jpg,2,1536,2048,JPEG,RGB
Cuban_knight_anole_Anolis_equestris_12.jpg,2,1179,540,JPEG,RGB
Cuban_knight_anole_Anolis_equestris_13.jpg,2,2048,1241,JPEG,RGB
Cuban_knight_anole_Anolis_equestris_14.jpg,2,1152,2048,JPEG,RGB
Cuban_knight_anole_Anolis_equestris_15.jpg,2,2048,2048,JPEG,RGB
Cuban_knight_anole_Anolis_equestris_16.jpg,2,1537,2048,JPEG,RGB
Cuban_knight_anole_Anolis_equestris_17.jpg,2,1454,1938,JPEG,RGB
Cuban_knight_anole_Anolis_equestris_19.jpg,2,1536,2048,JPEG,RGB
Cuban_knight_anole_Anolis_equestris_2.jpg,2,1152,2048,JPEG,RGB
Cuban_knight_anole_Anolis_equestris_20.jpg,2,1536,2048,JPEG,RGB
Cuban_knight_anole_Anolis_equestris_3.jpg,2,1542,2048,JPEG,RGB
Cuban_knight_anole_Anolis_equestris_4.jpg,2,1536,2048,JPEG,RGB
Cuban_knight_anole_Anolis_equestris_5.jpg,2,1080,1011,JPEG,RGB
Cuban_knight_anole_Anolis_equestris_6.jpg,2,1536,2048,JPEG,RGB
Cuban_knight_anole_Anolis_equestris_7.jpg,2,1536,2048,JPEG,RGB
Cuban_knight_anole_Anolis_equestris_8.jpg,2,2048,2048,JPEG,RGB
Cuban_knight_anole_Anolis_equestris_9.jpg,2,2048,1536,JPEG,RGB
Cuban_knight_anole_Cuban_knight_anole_1.jpg,2,779,849,JPEG,RGB
Cuban_knight_anole_Cuban_knight_anole_10.jpg,2,1536,2048,JPEG,RGB
Cuban_knight_anole_Cuban_knight_anole_100.jpg,2,2048,1536,JPEG,RGB
Cuban_knight_anole_Cuban_knight_anole_101.jpg,2,615,461,JPEG,RGB
Cuban_knight_anole_Cuban_knight_anole_102.jpg,2,1536,2048,JPEG,RGB
Cuban_knight_anole_Cuban_knight_anole_103.jpg,2,2048,1365,JPEG,RGB
Cuban_knight_anole_Cuban_knight_anole_104.jpg,2,1536,2048,JPEG,RGB
Cuban_knight_anole_Cuban_knight_anole_105.jpg,2,1536,2048,JPEG,RGB
Cuban_knight_anole_Cuban_knight_anole_107.jpg,2,1920,1280,JPEG,RGB
Cuban_knight_anole_Cuban_knight_anole_108.jpg,2,1536,2048,JPEG,RGB
Cuban_knight_anole_Cuban_knight_anole_11.jpg,2,1536,2048,JPEG,RGB
Cuban_knight_anole_Cuban_knight_anole_110.jpg,2,1536,2048,JPEG,RGB
Cuban_knight_anole_Cuban_knight_anole_111.jpg,2,2048,1536,JPEG,RGB
Cuban_knight_anole_Cuban_knight_anole_112.jpg,2,1536,2048,JPEG,RGB
Cuban_knight_anole_Cuban_knight_anole_114.jpg,2,2048,1365,JPEG,RGB
Cuban_knight_anole_Cuban_knight_anole_117.jpg,2,1542,2048,JPEG,RGB
Cuban_knight_anole_Cuban_knight_anole_118.jpg,2,1152,2048,JPEG,RGB
Cuban_knight_anole_Cuban_knight_anole_119.jpg,2,2048,1536,JPEG,RGB
Cuban_knight_anole_Cuban_knight_anole_12.jpg,2,1179,540,JPEG,RGB
Cuban_knight_anole_Cuban_knight_anole_120.jpg,2,1536,2048,JPEG,RGB
Cuban_knight_anole_Cuban_knight_anole_121.jpg,2,1536,2048,JPEG,RGB
Cuban_knight_anole_Cuban_knight_anole_123.jpg,2,2048,1536,JPEG,RGB
Cuban_knight_anole_Cuban_knight_anole_124.jpg,2,1536,2048,JPEG,RGB
Cuban_knight_anole_Cuban_knight_anole_125.jpg,2,2048,1365,JPEG,RGB
Cuban_knight_anole_Cuban_knight_anole_126.jpg,2,1536,2048,JPEG,RGB
Cuban_knight_anole_Cuban_knight_anole_128.jpg,2,1440,1080,JPEG,RGB
Cuban_knight_anole_Cuban_knight_anole_13.jpg,2,2048,1241,JPEG,RGB
Cuban_knight_anole_Cuban_knight_anole_130.jpg,2,2048,1775,JPEG,RGB
Cuban_knight_anole_Cuban_knight_anole_131.jpg,2,1536,2048,JPEG,RGB
Cuban_knight_anole_Cuban_knight_anole_133.jpg,2,1542,2048,JPEG,RGB
Cuban_knight_anole_Cuban_knight_anole_134.jpg,2,1536,2048,JPEG,RGB
Cuban_knight_anole_Cuban_knight_anole_135.jpg,2,2048,1365,JPEG,RGB
Cuban_knight_anole_Cuban_knight_anole_136.jpg,2,1536,2048,JPEG,RGB
Cuban_knight_anole_Cuban_knight_anole_137.jpg,2,1536,2048,JPEG,RGB
Cuban_knight_anole_Cuban_knight_anole_138.jpg,2,2048,1365,JPEG,RGB
Cuban_knight_anole_Cuban_knight_anole_139.jpg,2,1536,2048,JPEG,RGB
Cuban_knight_anole_Cuban_knight_anole_14.jpg,2,1152,2048,JPEG,RGB
Cuban_knight_anole_Cuban_knight_anole_140.jpg,2,1536,2048,JPEG,RGB
Cuban_knight_anole_Cuban_knight_anole_142.jpg,2,1536,2048,JPEG,RGB
Cuban_knight_anole_Cuban_knight_anole_143.jpg,2,1542,2048,JPEG,RGB
Cuban_knight_anole_Cuban_knight_anole_144.jpg,2,1536,2048,JPEG,RGB
Cuban_knight_anole_Cuban_knight_anole_145.jpg,2,1536,2048,JPEG,RGB
Cuban_knight_anole_Cuban_knight_anole_146.jpg,2,1536,2048,JPEG,RGB
Cuban_knight_anole_Cuban_knight_anole_147.jpg,2,640,360,JPEG,RGB
Cuban_knight_anole_Cuban_knight_anole_149.jpg,2,2048,1536,JPEG,RGB
Cuban_knight_anole_Cuban_knight_anole_15.jpg,2,2048,2048,JPEG,RGB
Cuban_knight_anole_Cuban_knight_anole_150.jpg,2,1536,2048,JPEG,RGB
Cuban_knight_anole_Cuban_knight_anole_152.jpg,2,2048,1251,JPEG,RGB
Cuban_knight_anole_Cuban_knight_anole_153.jpg,2,760,1140,JPEG,RGB
Cuban_knight_anole_Cuban_knight_anole_154.jpg,2,2048,1540,JPEG,RGB
Cuban_knight_anole_Cuban_knight_anole_155.jpg,2,2048,1463,JPEG,RGB
Cuban_knight_anole_Cuban_knight_anole_156.jpg,2,1536,2048,JPEG,RGB
Cuban_knight_anole_Cuban_knight_anole_157.jpg,2,1536,2048,JPEG,RGB
Cuban_knight_anole_Cuban_knight_anole_158.jpg,2,1440,1080,JPEG,RGB
Cuban_knight_anole_Cuban_knight_anole_159.jpg,2,709,896,JPEG,RGB
Cuban_knight_anole_Cuban_knight_anole_16.jpg,2,1537,2048,JPEG,RGB
Cuban_knight_anole_Cuban_knight_anole_160.jpg,2,2048,1536,JPEG,RGB
Cuban_knight_anole_Cuban_knight_anole_161.jpg,2,862,646,JPEG,RGB
Cuban_knight_anole_Cuban_knight_anole_163.jpg,2,1152,2048,JPEG,RGB
Cuban_knight_anole_Cuban_knight_anole_164.jpg,2,2048,1365,JPEG,RGB
Cuban_knight_anole_Cuban_knight_anole_165.jpg,2,2048,1536,JPEG,RGB
Cuban_knight_anole_Cuban_knight_anole_166.jpg,2,1152,2048,JPEG,RGB
Cuban_knight_anole_Cuban_knight_anole_167.jpg,2,2048,1542,JPEG,RGB
Cuban_knight_anole_Cuban_knight_anole_168.jpg,2,1536,2048,JPEG,RGB
Cuban_knight_anole_Cuban_knight_anole_169.jpg,2,1172,1562,JPEG,RGB
Cuban_knight_anole_Cuban_knight_anole_17.jpg,2,1454,1938,JPEG,RGB
Cuban_knight_anole_Cuban_knight_anole_171.jpg,2,2048,1230,JPEG,RGB
Cuban_knight_anole_Cuban_knight_anole_173.jpg,2,2048,1365,JPEG,RGB
Cuban_knight_anole_Cuban_knight_anole_174.jpg,2,2048,1365,JPEG,RGB
Cuban_knight_anole_Cuban_knight_anole_175.jpg,2,1536,2048,JPEG,RGB
Cuban_knight_anole_Cuban_knight_anole_177.jpg,2,947,2048,JPEG,RGB
Cuban_knight_anole_Cuban_knight_anole_178.jpg,2,1536,2048,JPEG,RGB
Cuban_knight_anole_Cuban_knight_anole_179.jpg,2,1152,2048,JPEG,RGB
Cuban_knight_anole_Cuban_knight_anole_18.jpg,2,1536,2048,JPEG,RGB
Cuban_knight_anole_Cuban_knight_anole_180.jpg,2,1152,2048,JPEG,RGB
Cuban_knight_anole_Cuban_knight_anole_181.jpg,2,1536,2048,JPEG,RGB
Cuban_knight_anole_Cuban_knight_anole_182.jpg,2,1152,2048,JPEG,RGB
Cuban_knight_anole_Cuban_knight_anole_186.jpg,2,1536,2048,JPEG,RGB
Cuban_knight_anole_Cuban_knight_anole_187.jpg,2,1536,2048,JPEG,RGB
Cuban_knight_anole_Cuban_knight_anole_188.jpg,2,2048,1536,JPEG,RGB
Cuban_knight_anole_Cuban_knight_anole_189.jpg,2,1536,2048,JPEG,RGB
Cuban_knight_anole_Cuban_knight_anole_193.jpg,2,946,2048,JPEG,RGB
Cuban_knight_anole_Cuban_knight_anole_194.jpg,2,1152,2048,JPEG,RGB
Cuban_knight_anole_Cuban_knight_anole_196.jpg,2,2048,1536,JPEG,RGB
Cuban_knight_anole_Cuban_knight_anole_197.jpg,2,1152,2048,JPEG,RGB
Cuban_knight_anole_Cuban_knight_anole_198.jpg,2,1536,2048,JPEG,RGB
Cuban_knight_anole_Cuban_knight_anole_199.jpg,2,720,900,JPEG,RGB
Cuban_knight_anole_Cuban_knight_anole_20.jpg,2,1536,2048,JPEG,RGB
Cuban_knight_anole_Cuban_knight_anole_200.jpg,2,1152,2048,JPEG,RGB
Cuban_knight_anole_Cuban_knight_anole_202.jpg,2,1152,2048,JPEG,RGB
Cuban_knight_anole_Cuban_knight_anole_203.jpg,2,1542,2048,JPEG,RGB
Cuban_knight_anole_Cuban_knight_anole_204.jpg,2,1536,2048,JPEG,RGB
Cuban_knight_anole_Cuban_knight_anole_206.jpg,2,1536,2048,JPEG,RGB
Cuban_knight_anole_Cuban_knight_anole_208.jpg,2,2048,2048,JPEG,RGB
Cuban_knight_anole_Cuban_knight_anole_209.jpg,2,2048,1536,JPEG,RGB
Cuban_knight_anole_Cuban_knight_anole_21.jpg,2,1536,2048,JPEG,RGB
Cuban_knight_anole_Cuban_knight_anole_210.jpg,2,1536,2048,JPEG,RGB
Cuban_knight_anole_Cuban_knight_anole_212.jpg,2,1179,540,JPEG,RGB
Cuban_knight_anole_Cuban_knight_anole_213.jpg,2,2048,1241,JPEG,RGB
Cuban_knight_anole_Cuban_knight_anole_214.jpg,2,1152,2048,JPEG,RGB
Cuban_knight_anole_Cuban_knight_anole_215.jpg,2,2048,2048,JPEG,RGB
Cuban_knight_anole_Cuban_knight_anole_216.jpg,2,1537,2048,JPEG,RGB
Cuban_knight_anole_Cuban_knight_anole_217.jpg,2,1454,1938,JPEG,RGB
Cuban_knight_anole_Cuban_knight_anole_218.jpg,2,1536,2048,JPEG,RGB
Cuban_knight_anole_Cuban_knight_anole_219.jpg,2,1536,2048,JPEG,RGB
Cuban_knight_anole_Cuban_knight_anole_22.jpg,2,1536,2048,JPEG,RGB
Cuban_knight_anole_Cuban_knight_anole_220.jpg,2,1536,2048,JPEG,RGB
Cuban_knight_anole_Cuban_knight_anole_23.jpg,2,923,2048,JPEG,RGB
Cuban_knight_anole_Cuban_knight_anole_24.jpg,2,1536,2048,JPEG,RGB
Cuban_knight_anole_Cuban_knight_anole_25.jpg,2,1152,2048,JPEG,RGB
Cuban_knight_anole_Cuban_knight_anole_26.jpg,2,1178,1571,JPEG,RGB
Cuban_knight_anole_Cuban_knight_anole_27.jpg,2,946,2048,JPEG,RGB
Cuban_knight_anole_Cuban_knight_anole_29.jpg,2,706,942,JPEG,RGB
Cuban_knight_anole_Cuban_knight_anole_3.jpg,2,1542,2048,JPEG,RGB
Cuban_knight_anole_Cuban_knight_anole_31.jpg,2,1209,2048,JPEG,RGB
Cuban_knight_anole_Cuban_knight_anole_32.jpg,2,2048,1536,JPEG,RGB
Cuban_knight_anole_Cuban_knight_anole_33.jpg,2,2048,1536,JPEG,RGB
Cuban_knight_anole_Cuban_knight_anole_34.jpg,2,2048,1536,JPEG,RGB
Cuban_knight_anole_Cuban_knight_anole_35.jpg,2,1536,2048,JPEG,RGB
Cuban_knight_anole_Cuban_knight_anole_36.jpg,2,1536,2048,JPEG,RGB
Cuban_knight_anole_Cuban_knight_anole_37.jpg,2,1536,2048,JPEG,RGB
Cuban_knight_anole_Cuban_knight_anole_38.jpg,2,1536,2048,JPEG,RGB
Cuban_knight_anole_Cuban_knight_anole_4.jpg,2,1536,2048,JPEG,RGB
Cuban_knight_anole_Cuban_knight_anole_41.jpg,2,1536,2048,JPEG,RGB
Cuban_knight_anole_Cuban_knight_anole_42.jpg,2,1536,2048,JPEG,RGB
Cuban_knight_anole_Cuban_knight_anole_43.jpg,2,1536,2048,JPEG,RGB
Cuban_knight_anole_Cuban_knight_anole_47.jpg,2,1536,2048,JPEG,RGB
Cuban_knight_anole_Cuban_knight_anole_48.jpg,2,1536,2048,JPEG,RGB
Cuban_knight_anole_Cuban_knight_anole_49.jpg,2,2048,1536,JPEG,RGB
Cuban_knight_anole_Cuban_knight_anole_5.jpg,2,1080,1011,JPEG,RGB
Cuban_knight_anole_Cuban_knight_anole_51.jpg,2,2030,2048,JPEG,RGB
Cuban_knight_anole_Cuban_knight_anole_52.jpg,2,1536,2048,JPEG,RGB
Cuban_knight_anole_Cuban_knight_anole_53.jpg,2,2048,1536,JPEG,RGB
Cuban_knight_anole_Cuban_knight_anole_54.jpg,2,1441,1595,JPEG,RGB
Cuban_knight_anole_Cuban_knight_anole_55.jpg,2,1530,2048,JPEG,RGB
Cuban_knight_anole_Cuban_knight_anole_56.jpg,2,1536,2048,JPEG,RGB
Cuban_knight_anole_Cuban_knight_anole_57.jpg,2,1352,2048,JPEG,RGB
Cuban_knight_anole_Cuban_knight_anole_58.jpg,2,1536,2048,JPEG,RGB
Cuban_knight_anole_Cuban_knight_anole_59.jpg,2,1152,2048,JPEG,RGB
Cuban_knight_anole_Cuban_knight_anole_6.jpg,2,1536,2048,JPEG,RGB
Cuban_knight_anole_Cuban_knight_anole_64.jpg,2,1170,1401,JPEG,RGB
Cuban_knight_anole_Cuban_knight_anole_66.jpg,2,1536,2048,JPEG,RGB
Cuban_knight_anole_Cuban_knight_anole_67.jpg,2,1536,2048,JPEG,RGB
Cuban_knight_anole_Cuban_knight_anole_68.jpg,2,1536,2048,JPEG,RGB
Cuban_knight_anole_Cuban_knight_anole_70.jpg,2,1536,2048,JPEG,RGB
Cuban_knight_anole_Cuban_knight_anole_71.jpg,2,2048,1365,JPEG,RGB
Cuban_knight_anole_Cuban_knight_anole_72.jpg,2,2048,1365,JPEG,RGB
Cuban_knight_anole_Cuban_knight_anole_73.jpg,2,1536,2048,JPEG,RGB
Cuban_knight_anole_Cuban_knight_anole_74.jpg,2,1536,2048,JPEG,RGB
Cuban_knight_anole_Cuban_knight_anole_75.jpg,2,1536,2048,JPEG,RGB
Cuban_knight_anole_Cuban_knight_anole_77.jpg,2,1991,2048,JPEG,RGB
Cuban_knight_anole_Cuban_knight_anole_79.jpg,2,2048,1365,JPEG,RGB
Cuban_knight_anole_Cuban_knight_anole_8.jpg,2,2048,2048,JPEG,RGB
Cuban_knight_anole_Cuban_knight_anole_81.jpg,2,1536,2048,JPEG,RGB
Cuban_knight_anole_Cuban_knight_anole_82.jpg,2,1532,2048,JPEG,RGB
Cuban_knight_anole_Cuban_knight_anole_83.jpg,2,2048,1536,JPEG,RGB
Cuban_knight_anole_Cuban_knight_anole_84.jpg,2,1536,2048,JPEG,RGB
Cuban_knight_anole_Cuban_knight_anole_85.jpg,2,1152,2048,JPEG,RGB
Cuban_knight_anole_Cuban_knight_anole_86.jpg,2,1365,2048,JPEG,RGB
Cuban_knight_anole_Cuban_knight_anole_87.jpg,2,1750,1750,JPEG,RGB
Cuban_knight_anole_Cuban_knight_anole_89.jpg,2,1624,2048,JPEG,RGB
Cuban_knight_anole_Cuban_knight_anole_9.jpg,2,2048,1536,JPEG,RGB
Cuban_knight_anole_Cuban_knight_anole_90.jpg,2,1536,2048,JPEG,RGB
Cuban_knight_anole_Cuban_knight_anole_91.jpg,2,1536,2048,JPEG,RGB
Cuban_knight_anole_Cuban_knight_anole_92.jpg,2,1536,2048,JPEG,RGB
Cuban_knight_anole_Cuban_knight_anole_93.jpg,2,1536,2048,JPEG,RGB
Cuban_knight_anole_Cuban_knight_anole_94.jpg,2,1536,2048,JPEG,RGB
Cuban_knight_anole_Cuban_knight_anole_95.jpg,2,1536,2048,JPEG,RGB
Cuban_knight_anole_Cuban_knight_anole_96.jpg,2,1536,2048,JPEG,RGB
Cuban_knight_anole_Cuban_knight_anole_97.jpg,2,1152,2048,JPEG,RGB
Cuban_knight_anole_Cuban_knight_anole_99.jpg,2,590,789,JPEG,RGB
Desert_iguana_Desert_iguana_10.jpg,3,2048,1344,JPEG,RGB
Desert_iguana_Desert_iguana_100.jpg,3,553,734,JPEG,RGB
Desert_iguana_Desert_iguana_101.jpg,3,2048,1365,JPEG,RGB
Desert_iguana_Desert_iguana_103.jpg,3,2001,1972,JPEG,RGB
Desert_iguana_Desert_iguana_104.jpg,3,1333,1296,JPEG,RGB
Desert_iguana_Desert_iguana_105.jpg,3,1536,2048,JPEG,RGB
Desert_iguana_Desert_iguana_106.jpg,3,1536,2048,JPEG,RGB
Desert_iguana_Desert_iguana_107.jpg,3,1536,2048,JPEG,RGB
Desert_iguana_Desert_iguana_108.jpg,3,1536,2048,JPEG,RGB
Desert_iguana_Desert_iguana_109.jpg,3,2048,1141,JPEG,RGB
Desert_iguana_Desert_iguana_11.jpg,3,1536,2048,JPEG,RGB
Desert_iguana_Desert_iguana_110.jpg,3,1305,987,JPEG,RGB
Desert_iguana_Desert_iguana_112.jpg,3,1024,768,JPEG,RGB
Desert_iguana_Desert_iguana_114.jpg,3,1536,2048,JPEG,RGB
Desert_iguana_Desert_iguana_116.jpg,3,645,625,JPEG,RGB
Desert_iguana_Desert_iguana_118.jpg,3,2048,1365,JPEG,RGB
Desert_iguana_Desert_iguana_119.jpg,3,1593,1195,JPEG,RGB
Desert_iguana_Desert_iguana_12.jpg,3,1600,1067,JPEG,RGB
Desert_iguana_Desert_iguana_120.jpg,3,1542,2048,JPEG,RGB
Desert_iguana_Desert_iguana_121.jpg,3,1536,2048,JPEG,RGB
Desert_iguana_Desert_iguana_122.jpg,3,1633,1089,JPEG,RGB
Desert_iguana_Desert_iguana_124.jpg,3,1536,2048,JPEG,RGB
Desert_iguana_Desert_iguana_127.jpg,3,1536,2048,JPEG,RGB
Desert_iguana_Desert_iguana_129.jpg,3,1536,2048,JPEG,RGB
Desert_iguana_Desert_iguana_13.jpg,3,1600,1067,JPEG,RGB
Desert_iguana_Desert_iguana_130.jpg,3,1152,2048,JPEG,RGB
Desert_iguana_Desert_iguana_133.jpg,3,1536,2048,JPEG,RGB
Desert_iguana_Desert_iguana_134.jpg,3,1536,2048,JPEG,RGB
Desert_iguana_Desert_iguana_135.jpg,3,2048,1536,JPEG,RGB
Desert_iguana_Desert_iguana_137.jpg,3,1536,2048,JPEG,RGB
Desert_iguana_Desert_iguana_138.jpg,3,1152,2048,JPEG,RGB
Desert_iguana_Desert_iguana_139.jpg,3,2048,1536,JPEG,RGB
Desert_iguana_Desert_iguana_141.jpg,3,1170,1833,JPEG,RGB
Desert_iguana_Desert_iguana_143.jpg,3,1536,2048,JPEG,RGB
Desert_iguana_Desert_iguana_144.jpg,3,1536,2048,JPEG,RGB
Desert_iguana_Desert_iguana_146.jpg,3,1253,1150,JPEG,RGB
Desert_iguana_Desert_iguana_147.jpg,3,1152,2048,JPEG,RGB
Desert_iguana_Desert_iguana_148.jpg,3,1536,2048,JPEG,RGB
Desert_iguana_Desert_iguana_149.jpg,3,2048,1365,JPEG,RGB
Desert_iguana_Desert_iguana_15.jpg,3,2048,1536,JPEG,RGB
Desert_iguana_Desert_iguana_150.jpg,3,2048,1536,JPEG,RGB
Desert_iguana_Desert_iguana_151.jpg,3,2048,1536,JPEG,RGB
Desert_iguana_Desert_iguana_153.jpg,3,2048,1365,JPEG,RGB
Desert_iguana_Desert_iguana_154.jpg,3,560,885,JPEG,RGB
Desert_iguana_Desert_iguana_155.jpg,3,1536,2048,JPEG,RGB
Desert_iguana_Desert_iguana_156.jpg,3,1824,2048,JPEG,RGB
Desert_iguana_Desert_iguana_158.jpg,3,1118,678,JPEG,RGB
Desert_iguana_Desert_iguana_159.jpg,3,2048,1365,JPEG,RGB
Desert_iguana_Desert_iguana_160.jpg,3,2048,1365,JPEG,RGB
Desert_iguana_Desert_iguana_161.jpg,3,2048,1365,JPEG,RGB
Desert_iguana_Desert_iguana_162.jpg,3,2048,1365,JPEG,RGB
Desert_iguana_Desert_iguana_163.jpg,3,2048,1365,JPEG,RGB
Desert_iguana_Desert_iguana_164.jpg,3,2048,1365,JPEG,RGB
Desert_iguana_Desert_iguana_165.jpg,3,2048,1365,JPEG,RGB
Desert_iguana_Desert_iguana_166.jpg,3,2048,1365,JPEG,RGB
Desert_iguana_Desert_iguana_167.jpg,3,2048,1536,JPEG,RGB
Desert_iguana_Desert_iguana_169.jpg,3,2048,1536,JPEG,RGB
Desert_iguana_Desert_iguana_17.jpg,3,2048,1180,JPEG,RGB
Desert_iguana_Desert_iguana_170.jpg,3,1536,2048,JPEG,RGB
Desert_iguana_Desert_iguana_171.jpg,3,1536,2048,JPEG,RGB
Desert_iguana_Desert_iguana_172.jpg,3,2048,1536,JPEG,RGB
Desert_iguana_Desert_iguana_173.jpg,3,1536,2048,JPEG,RGB
Desert_iguana_Desert_iguana_175.jpg,3,1536,2048,JPEG,RGB
Desert_iguana_Desert_iguana_176.jpg,3,1536,2048,JPEG,RGB
Desert_iguana_Desert_iguana_177.jpg,3,921,2048,JPEG,RGB
Desert_iguana_Desert_iguana_178.jpg,3,2048,1365,JPEG,RGB
Desert_iguana_Desert_iguana_18.jpg,3,1961,2048,JPEG,RGB
Desert_iguana_Desert_iguana_180.jpg,3,1536,2048,JPEG,RGB
Desert_iguana_Desert_iguana_181.jpg,3,2048,1365,JPEG,RGB
Desert_iguana_Desert_iguana_182.jpg,3,1536,2048,JPEG,RGB
Desert_iguana_Desert_iguana_183.jpg,3,1536,2048,JPEG,RGB
Desert_iguana_Desert_iguana_185.jpg,3,2048,1365,JPEG,RGB
Desert_iguana_Desert_iguana_186.jpg,3,1168,1636,JPEG,RGB
Desert_iguana_Desert_iguana_187.jpg,3,2048,1536,JPEG,RGB
Desert_iguana_Desert_iguana_189.jpg,3,324,293,JPEG,RGB
Desert_iguana_Desert_iguana_190.jpg,3,1920,1080,JPEG,RGB
Desert_iguana_Desert_iguana_192.jpg,3,1874,1184,JPEG,RGB
Desert_iguana_Desert_iguana_193.jpg,3,1152,2048,JPEG,RGB
Desert_iguana_Desert_iguana_194.jpg,3,2048,1536,JPEG,RGB
Desert_iguana_Desert_iguana_195.jpg,3,1536,2048,JPEG,RGB
Desert_iguana_Desert_iguana_196.jpg,3,1440,1080,JPEG,RGB
Desert_iguana_Desert_iguana_197.jpg,3,1536,2048,JPEG,RGB
Desert_iguana_Desert_iguana_198.jpg,3,921,2048,JPEG,RGB
Desert_iguana_Desert_iguana_199.jpg,3,2048,1536,JPEG,RGB
Desert_iguana_Desert_iguana_2.jpg,3,1536,2048,JPEG,RGB
Desert_iguana_Desert_iguana_20.jpg,3,1024,683,JPEG,RGB
Desert_iguana_Desert_iguana_200.jpg,3,1536,2048,JPEG,RGB
Desert_iguana_Desert_iguana_202.jpg,3,1536,2048,JPEG,RGB
Desert_iguana_Desert_iguana_203.jpg,3,1152,2048,JPEG,RGB
Desert_iguana_Desert_iguana_207.jpg,3,1536,2048,JPEG,RGB
Desert_iguana_Desert_iguana_208.jpg,3,1023,2048,JPEG,RGB
Desert_iguana_Desert_iguana_209.jpg,3,2048,1225,JPEG,RGB
Desert_iguana_Desert_iguana_21.jpg,3,1536,2048,JPEG,RGB
Desert_iguana_Desert_iguana_210.jpg,3,2048,1344,JPEG,RGB
Desert_iguana_Desert_iguana_211.jpg,3,1536,2048,JPEG,RGB
Desert_iguana_Desert_iguana_213.jpg,3,1600,1067,JPEG,RGB
Desert_iguana_Desert_iguana_214.jpg,3,1536,2048,JPEG,RGB
Desert_iguana_Desert_iguana_215.jpg,3,2048,1536,JPEG,RGB
Desert_iguana_Desert_iguana_216.jpg,3,2048,1041,JPEG,RGB
Desert_iguana_Desert_iguana_217.jpg,3,2048,1180,JPEG,RGB
Desert_iguana_Desert_iguana_218.jpg,3,1961,2048,JPEG,RGB
Desert_iguana_Desert_iguana_219.jpg,3,1536,2048,JPEG,RGB
Desert_iguana_Desert_iguana_220.jpg,3,1024,683,JPEG,RGB
Desert_iguana_Desert_iguana_23.jpg,3,1024,683,JPEG,RGB
Desert_iguana_Desert_iguana_24.jpg,3,2048,1536,JPEG,RGB
Desert_iguana_Desert_iguana_25.jpg,3,2048,1536,JPEG,RGB
Desert_iguana_Desert_iguana_26.jpg,3,2048,1152,JPEG,RGB
Desert_iguana_Desert_iguana_27.jpg,3,2048,1536,JPEG,RGB
Desert_iguana_Desert_iguana_28.jpg,3,720,960,JPEG,RGB
Desert_iguana_Desert_iguana_29.jpg,3,2048,1536,JPEG,RGB
Desert_iguana_Desert_iguana_31.jpg,3,1536,2048,JPEG,RGB
Desert_iguana_Desert_iguana_32.jpg,3,1536,2048,JPEG,RGB
Desert_iguana_Desert_iguana_33.jpg,3,1536,2048,JPEG,RGB
Desert_iguana_Desert_iguana_34.jpg,3,2048,1365,JPEG,RGB
Desert_iguana_Desert_iguana_35.jpg,3,2048,1365,JPEG,RGB
Desert_iguana_Desert_iguana_37.jpg,3,1536,2048,JPEG,RGB
Desert_iguana_Desert_iguana_38.jpg,3,2048,1536,JPEG,RGB
Desert_iguana_Desert_iguana_4.jpg,3,1536,2048,JPEG,RGB
Desert_iguana_Desert_iguana_40.jpg,3,2048,1835,JPEG,RGB
Desert_iguana_Desert_iguana_41.jpg,3,1536,2048,JPEG,RGB
Desert_iguana_Desert_iguana_42.jpg,3,2048,1536,JPEG,RGB
Desert_iguana_Desert_iguana_43.jpg,3,2048,1536,JPEG,RGB
Desert_iguana_Desert_iguana_44.jpg,3,1536,2048,JPEG,RGB
Desert_iguana_Desert_iguana_45.jpg,3,1536,2048,JPEG,RGB
Desert_iguana_Desert_iguana_46.jpg,3,1152,2048,JPEG,RGB
Desert_iguana_Desert_iguana_47.jpg,3,1536,2048,JPEG,RGB
Desert_iguana_Desert_iguana_48.jpg,3,1616,912,JPEG,RGB
Desert_iguana_Desert_iguana_49.jpg,3,1080,1616,JPEG,RGB
Desert_iguana_Desert_iguana_5.jpg,3,1559,864,JPEG,RGB
Desert_iguana_Desert_iguana_50.jpg,3,2048,1536,JPEG,RGB
Desert_iguana_Desert_iguana_52.jpg,3,1536,2048,JPEG,RGB
Desert_iguana_Desert_iguana_53.jpg,3,1536,2048,JPEG,RGB
Desert_iguana_Desert_iguana_54.jpg,3,2048,1536,JPEG,RGB
Desert_iguana_Desert_iguana_55.jpg,3,2048,1536,JPEG,RGB
Desert_iguana_Desert_iguana_57.jpg,3,2048,1365,JPEG,RGB
Desert_iguana_Desert_iguana_58.jpg,3,1783,1337,JPEG,RGB
Desert_iguana_Desert_iguana_59.jpg,3,2048,1152,JPEG,RGB
Desert_iguana_Desert_iguana_61.jpg,3,1536,2048,JPEG,RGB
Desert_iguana_Desert_iguana_62.jpg,3,1536,2048,JPEG,RGB
Desert_iguana_Desert_iguana_63.jpg,3,1536,2048,JPEG,RGB
Desert_iguana_Desert_iguana_64.jpg,3,1920,1440,JPEG,RGB
Desert_iguana_Desert_iguana_65.jpg,3,2048,1536,JPEG,RGB
Desert_iguana_Desert_iguana_67.jpg,3,2048,1536,JPEG,RGB
Desert_iguana_Desert_iguana_68.jpg,3,1152,2048,JPEG,RGB
Desert_iguana_Desert_iguana_69.jpg,3,2048,1152,JPEG,RGB
Desert_iguana_Desert_iguana_7.jpg,3,1536,2048,JPEG,RGB
Desert_iguana_Desert_iguana_70.jpg,3,2048,1536,JPEG,RGB
Desert_iguana_Desert_iguana_71.jpg,3,2048,1536,JPEG,RGB
Desert_iguana_Desert_iguana_72.jpg,3,1536,2048,JPEG,RGB
Desert_iguana_Desert_iguana_73.jpg,3,1536,2048,JPEG,RGB
Desert_iguana_Desert_iguana_77.jpg,3,1536,2048,JPEG,RGB
Desert_iguana_Desert_iguana_78.jpg,3,708,944,JPEG,RGB
Desert_iguana_Desert_iguana_79.jpg,3,1536,2048,JPEG,RGB
Desert_iguana_Desert_iguana_8.jpg,3,1023,2048,JPEG,RGB
Desert_iguana_Desert_iguana_82.jpg,3,1536,2048,JPEG,RGB
Desert_iguana_Desert_iguana_85.jpg,3,1152,2048,JPEG,RGB
Desert_iguana_Desert_iguana_87.jpg,3,2048,1365,JPEG,RGB
Desert_iguana_Desert_iguana_88.jpg,3,2048,1365,JPEG,RGB
Desert_iguana_Desert_iguana_89.jpg,3,1536,2048,JPEG,RGB
Desert_iguana_Desert_iguana_9.jpg,3,2048,1225,JPEG,RGB
Desert_iguana_Desert_iguana_90.jpg,3,1812,1637,JPEG,RGB
Desert_iguana_Desert_iguana_91.jpg,3,2048,1536,JPEG,RGB
Desert_iguana_Desert_iguana_92.jpg,3,2024,1138,JPEG,RGB
Desert_iguana_Desert_iguana_94.jpg,3,1536,2048,JPEG,RGB
Desert_iguana_Desert_iguana_95.jpg,3,2048,1536,JPEG,RGB
Desert_iguana_Desert_iguana_96.jpg,3,1782,2048,JPEG,RGB
Desert_iguana_Desert_iguana_97.jpg,3,2048,1536,JPEG,RGB
Desert_iguana_Dipsosaurus_dorsalis_1.jpg,3,2048,1365,JPEG,RGB
Desert_iguana_Dipsosaurus_dorsalis_10.jpg,3,2048,1344,JPEG,RGB
Desert_iguana_Dipsosaurus_dorsalis_11.jpg,3,1536,2048,JPEG,RGB
Desert_iguana_Dipsosaurus_dorsalis_12.jpg,3,1600,1067,JPEG,RGB
Desert_iguana_Dipsosaurus_dorsalis_13.jpg,3,1600,1067,JPEG,RGB
Desert_iguana_Dipsosaurus_dorsalis_14.jpg,3,1536,2048,JPEG,RGB
Desert_iguana_Dipsosaurus_dorsalis_15.jpg,3,2048,1536,JPEG,RGB
Desert_iguana_Dipsosaurus_dorsalis_16.jpg,3,2048,1041,JPEG,RGB
Desert_iguana_Dipsosaurus_dorsalis_17.jpg,3,2048,1180,JPEG,RGB
Desert_iguana_Dipsosaurus_dorsalis_18.jpg,3,1961,2048,JPEG,RGB
Desert_iguana_Dipsosaurus_dorsalis_19.jpg,3,1536,2048,JPEG,RGB
Desert_iguana_Dipsosaurus_dorsalis_2.jpg,3,1536,2048,JPEG,RGB
Desert_iguana_Dipsosaurus_dorsalis_4.jpg,3,1536,2048,JPEG,RGB
Desert_iguana_Dipsosaurus_dorsalis_5.jpg,3,1559,864,JPEG,RGB
Desert_iguana_Dipsosaurus_dorsalis_7.jpg,3,1536,2048,JPEG,RGB
Desert_iguana_Dipsosaurus_dorsalis_9.jpg,3,2048,1225,JPEG,RGB
Green_anole_Green_anole_1.jpg,4,1536,2048,JPEG,RGB
Green_anole_Green_anole_10.jpg,4,2048,1365,JPEG,RGB
Green_anole_Green_anole_100.jpg,4,2048,1536,JPEG,RGB
Green_anole_Green_anole_101.jpg,4,2048,1952,JPEG,RGB
Green_anole_Green_anole_103.jpg,4,2048,1365,JPEG,RGB
Green_anole_Green_anole_104.jpg,4,1536,2048,JPEG,RGB
Green_anole_Green_anole_105.jpg,4,1152,2048,JPEG,RGB
Green_anole_Green_anole_106.jpg,4,2048,1152,JPEG,RGB
Green_anole_Green_anole_107.jpg,4,1536,2048,JPEG,RGB
Green_anole_Green_anole_108.jpg,4,921,2048,JPEG,RGB
Green_anole_Green_anole_109.jpg,4,2048,1365,JPEG,RGB
Green_anole_Green_anole_110.jpg,4,2048,1536,JPEG,RGB
Green_anole_Green_anole_113.jpg,4,1152,2048,JPEG,RGB
Green_anole_Green_anole_114.jpg,4,1536,2048,JPEG,RGB
Green_anole_Green_anole_115.jpg,4,2048,1152,JPEG,RGB
Green_anole_Green_anole_116.jpg,4,2000,1920,JPEG,RGB
Green_anole_Green_anole_117.jpg,4,1152,2048,JPEG,RGB
Green_anole_Green_anole_118.jpg,4,1536,2048,JPEG,RGB
Green_anole_Green_anole_119.jpg,4,1536,2048,JPEG,RGB
Green_anole_Green_anole_12.jpg,4,2048,1536,JPEG,RGB
Green_anole_Green_anole_120.jpg,4,1536,2048,JPEG,RGB
Green_anole_Green_anole_121.jpg,4,1536,2048,JPEG,RGB
Green_anole_Green_anole_122.jpg,4,282,373,JPEG,RGB
Green_anole_Green_anole_123.jpg,4,1536,2048,JPEG,RGB
Green_anole_Green_anole_124.jpg,4,1536,2048,JPEG,RGB
Green_anole_Green_anole_125.jpg,4,1536,2048,JPEG,RGB
Green_anole_Green_anole_126.jpg,4,2048,1536,JPEG,RGB
Green_anole_Green_anole_128.jpg,4,2048,1152,JPEG,RGB
Green_anole_Green_anole_129.jpg,4,2048,1536,JPEG,RGB
Green_anole_Green_anole_131.jpg,4,1536,2048,JPEG,RGB
Green_anole_Green_anole_132.jpg,4,1280,820,JPEG,RGB
Green_anole_Green_anole_133.jpg,4,1370,771,JPEG,RGB
Green_anole_Green_anole_134.jpg,4,1547,2048,JPEG,RGB
Green_anole_Green_anole_135.jpg,4,1536,2048,JPEG,RGB
Green_anole_Green_anole_136.jpg,4,1536,2048,JPEG,RGB
Green_anole_Green_anole_139.jpg,4,1200,675,JPEG,RGB
Green_anole_Green_anole_141.jpg,4,892,961,JPEG,RGB
Green_anole_Green_anole_143.jpg,4,2048,2048,JPEG,RGB
Green_anole_Green_anole_144.jpg,4,2048,1859,JPEG,RGB
Green_anole_Green_anole_145.jpg,4,2048,1365,JPEG,RGB
Green_anole_Green_anole_147.jpg,4,2048,1152,JPEG,RGB
Green_anole_Green_anole_148.jpg,4,2048,1536,JPEG,RGB
Green_anole_Green_anole_149.jpg,4,1152,2048,JPEG,RGB
Green_anole_Green_anole_150.jpg,4,1536,2048,JPEG,RGB
Green_anole_Green_anole_153.jpg,4,1536,2048,JPEG,RGB
Green_anole_Green_anole_154.jpg,4,1536,2048,JPEG,RGB
Green_anole_Green_anole_155.jpg,4,1536,2048,JPEG,RGB
Green_anole_Green_anole_156.jpg,4,1542,2048,JPEG,RGB
Green_anole_Green_anole_157.jpg,4,952,1087,JPEG,RGB
Green_anole_Green_anole_158.jpg,4,2048,1895,JPEG,RGB
Green_anole_Green_anole_159.jpg,4,1536,2048,JPEG,RGB
Green_anole_Green_anole_16.jpg,4,1152,2048,JPEG,RGB
Green_anole_Green_anole_160.jpg,4,1536,2048,JPEG,RGB
Green_anole_Green_anole_161.jpg,4,1189,1198,JPEG,RGB
Green_anole_Green_anole_162.jpg,4,2048,1536,JPEG,RGB
Green_anole_Green_anole_163.jpg,4,2048,815,JPEG,RGB
Green_anole_Green_anole_164.jpg,4,2048,1366,JPEG,RGB
Green_anole_Green_anole_165.jpg,4,1536,2048,JPEG,RGB
Green_anole_Green_anole_168.jpg,4,2048,1536,JPEG,RGB
Green_anole_Green_anole_17.jpg,4,1536,2048,JPEG,RGB
Green_anole_Green_anole_170.jpg,4,1347,1088,JPEG,RGB
Green_anole_Green_anole_171.jpg,4,2048,1145,JPEG,RGB
Green_anole_Green_anole_172.jpg,4,1139,1139,JPEG,RGB
Green_anole_Green_anole_173.jpg,4,2048,1290,JPEG,RGB
Green_anole_Green_anole_174.jpg,4,1536,2048,JPEG,RGB
Green_anole_Green_anole_175.jpg,4,1536,2048,JPEG,RGB
Green_anole_Green_anole_176.jpg,4,2048,1536,JPEG,RGB
Green_anole_Green_anole_177.jpg,4,1536,2048,JPEG,RGB
Green_anole_Green_anole_178.jpg,4,1536,2048,JPEG,RGB
Green_anole_Green_anole_179.jpg,4,1536,2048,JPEG,RGB
Green_anole_Green_anole_18.jpg,4,1536,2048,JPEG,RGB
Green_anole_Green_anole_180.jpg,4,529,435,JPEG,RGB
Green_anole_Green_anole_182.jpg,4,1536,2048,JPEG,RGB
Green_anole_Green_anole_183.jpg,4,2048,1536,JPEG,RGB
Green_anole_Green_anole_184.jpg,4,1536,2048,JPEG,RGB
Green_anole_Green_anole_185.jpg,4,1536,2048,JPEG,RGB
Green_anole_Green_anole_186.jpg,4,2017,2048,JPEG,RGB
Green_anole_Green_anole_188.jpg,4,1152,2048,JPEG,RGB
Green_anole_Green_anole_189.jpg,4,1591,982,JPEG,RGB
Green_anole_Green_anole_19.jpg,4,1536,2048,JPEG,RGB
Green_anole_Green_anole_190.jpg,4,1536,2048,JPEG,RGB
Green_anole_Green_anole_191.jpg,4,2048,1536,JPEG,RGB
Green_anole_Green_anole_192.jpg,4,1536,2048,JPEG,RGB
Green_anole_Green_anole_193.jpg,4,2048,1365,JPEG,RGB
Green_anole_Green_anole_194.jpg,4,1536,2048,JPEG,RGB
Green_anole_Green_anole_195.jpg,4,683,860,JPEG,RGB
Green_anole_Green_anole_196.jpg,4,1536,2048,JPEG,RGB
Green_anole_Green_anole_197.jpg,4,1536,2048,JPEG,RGB
Green_anole_Green_anole_198.jpg,4,2048,1365,JPEG,RGB
Green_anole_Green_anole_199.jpg,4,1536,2048,JPEG,RGB
Green_anole_Green_anole_2.jpg,4,1979,1979,JPEG,RGB
Green_anole_Green_anole_20.jpg,4,2048,1536,JPEG,RGB
Green_anole_Green_anole_202.jpg,4,1979,1979,JPEG,RGB
Green_anole_Green_anole_203.jpg,4,2048,1536,JPEG,RGB
Green_anole_Green_anole_204.jpg,4,1542,2048,JPEG,RGB
Green_anole_Green_anole_205.jpg,4,1536,2048,JPEG,RGB
Green_anole_Green_anole_206.jpg,4,2048,1038,JPEG,RGB
Green_anole_Green_anole_21.jpg,4,2048,1536,JPEG,RGB
Green_anole_Green_anole_212.jpg,4,1152,2048,JPEG,RGB
Green_anole_Green_anole_213.jpg,4,1542,2048,JPEG,RGB
Green_anole_Green_anole_215.jpg,4,1536,2048,JPEG,RGB
Green_anole_Green_anole_216.jpg,4,1536,2048,JPEG,RGB
Green_anole_Green_anole_217.jpg,4,1536,2048,JPEG,RGB
Green_anole_Green_anole_218.jpg,4,2048,1536,JPEG,RGB
Green_anole_Green_anole_219.jpg,4,2048,1536,JPEG,RGB
Green_anole_Green_anole_22.jpg,4,2048,1536,JPEG,RGB
Green_anole_Green_anole_220.jpg,4,2048,1536,JPEG,RGB
Green_anole_Green_anole_23.jpg,4,1536,2048,JPEG,RGB
Green_anole_Green_anole_24.jpg,4,2048,946,JPEG,RGB
Green_anole_Green_anole_25.jpg,4,2048,1536,JPEG,RGB
Green_anole_Green_anole_27.jpg,4,1536,2048,JPEG,RGB
Green_anole_Green_anole_28.jpg,4,1536,2048,JPEG,RGB
Green_anole_Green_anole_29.jpg,4,1536,2048,JPEG,RGB
Green_anole_Green_anole_3.jpg,4,2048,1536,JPEG,RGB
Green_anole_Green_anole_30.jpg,4,1536,2048,JPEG,RGB
Green_anole_Green_anole_32.jpg,4,2048,1536,JPEG,RGB
Green_anole_Green_anole_33.jpg,4,1536,2048,JPEG,RGB
Green_anole_Green_anole_34.jpg,4,1600,977,JPEG,RGB
Green_anole_Green_anole_35.jpg,4,914,1471,JPEG,RGB
Green_anole_Green_anole_36.jpg,4,1080,1863,JPEG,RGB
Green_anole_Green_anole_37.jpg,4,2048,1442,JPEG,RGB
Green_anole_Green_anole_38.jpg,4,1536,2048,JPEG,RGB
Green_anole_Green_anole_39.jpg,4,1367,2048,JPEG,RGB
Green_anole_Green_anole_4.jpg,4,1542,2048,JPEG,RGB
Green_anole_Green_anole_40.jpg,4,2048,1536,JPEG,RGB
Green_anole_Green_anole_41.jpg,4,2048,1536,JPEG,RGB
Green_anole_Green_anole_42.jpg,4,1152,2048,JPEG,RGB
Green_anole_Green_anole_44.jpg,4,2048,1536,JPEG,RGB
Green_anole_Green_anole_45.jpg,4,2048,1536,JPEG,RGB
Green_anole_Green_anole_46.jpg,4,1536,2048,JPEG,RGB
Green_anole_Green_anole_47.jpg,4,2048,1536,JPEG,RGB
Green_anole_Green_anole_49.jpg,4,1536,2048,JPEG,RGB
Green_anole_Green_anole_5.jpg,4,1536,2048,JPEG,RGB
Green_anole_Green_anole_53.jpg,4,1536,2048,JPEG,RGB
Green_anole_Green_anole_54.jpg,4,1440,1920,JPEG,RGB
Green_anole_Green_anole_55.jpg,4,2048,1365,JPEG,RGB
Green_anole_Green_anole_57.jpg,4,1463,2048,JPEG,RGB
Green_anole_Green_anole_58.jpg,4,1536,2048,JPEG,RGB
Green_anole_Green_anole_60.jpg,4,1152,2048,JPEG,RGB
Green_anole_Green_anole_61.jpg,4,2048,1365,JPEG,RGB
Green_anole_Green_anole_62.jpg,4,2048,1365,JPEG,RGB
Green_anole_Green_anole_63.jpg,4,1920,1440,JPEG,RGB
Green_anole_Green_anole_66.jpg,4,1152,2048,JPEG,RGB
Green_anole_Green_anole_67.jpg,4,2048,1152,JPEG,RGB
Green_anole_Green_anole_68.jpg,4,1536,2048,JPEG,RGB
Green_anole_Green_anole_69.jpg,4,1536,2048,JPEG,RGB
Green_anole_Green_anole_7.jpg,4,1536,2048,JPEG,RGB
Green_anole_Green_anole_70.jpg,4,1594,2048,JPEG,RGB
Green_anole_Green_anole_71.jpg,4,1536,2048,JPEG,RGB
Green_anole_Green_anole_72.jpg,4,1536,2048,JPEG,RGB
Green_anole_Green_anole_73.jpg,4,2048,1152,JPEG,RGB
Green_anole_Green_anole_74.jpg,4,2048,1861,JPEG,RGB
Green_anole_Green_anole_75.jpg,4,1536,2048,JPEG,RGB
Green_anole_Green_anole_76.jpg,4,2048,1277,JPEG,RGB
Green_anole_Green_anole_77.jpg,4,1536,2048,JPEG,RGB
Green_anole_Green_anole_78.jpg,4,1156,2048,JPEG,RGB
Green_anole_Green_anole_79.jpg,4,2048,1826,JPEG,RGB
Green_anole_Green_anole_8.jpg,4,1152,2048,JPEG,RGB
Green_anole_Green_anole_80.jpg,4,2048,1536,JPEG,RGB
Green_anole_Green_anole_81.jpg,4,1367,2048,JPEG,RGB
Green_anole_Green_anole_82.jpg,4,1367,2048,JPEG,RGB
Green_anole_Green_anole_83.jpg,4,1536,2048,JPEG,RGB
Green_anole_Green_anole_85.jpg,4,2048,1536,JPEG,RGB
Green_anole_Green_anole_86.jpg,4,1007,1513,JPEG,RGB
Green_anole_Green_anole_87.jpg,4,1080,2034,JPEG,RGB
Green_anole_Green_anole_88.jpg,4,2048,1617,JPEG,RGB
Green_anole_Green_anole_89.jpg,4,1536,2048,JPEG,RGB
Green_anole_Green_anole_9.jpg,4,2048,1536,JPEG,RGB
Green_anole_Green_anole_90.jpg,4,1536,2048,JPEG,RGB
Green_anole_Green_anole_91.jpg,4,1444,1083,JPEG,RGB
Green_anole_Green_anole_92.jpg,4,1152,2048,JPEG,RGB
Green_anole_Green_anole_93.jpg,4,1152,2048,JPEG,RGB
Green_anole_Green_anole_94.jpg,4,558,733,JPEG,RGB
Green_anole_Green_anole_95.jpg,4,1536,2048,JPEG,RGB
Green_anole_Green_anole_96.jpg,4,1536,2048,JPEG,RGB
Green_anole_Green_anole_97.jpg,4,1536,2048,JPEG,RGB
Green_anole_Green_anole_98.jpg,4,2048,1536,JPEG,RGB
Green_anole_Green_anole_99.jpg,4,1152,2048,JPEG,RGB
Green_iguana_Green_iguana_1.jpg,5,2048,1365,JPEG,RGB
Green_iguana_Green_iguana_10.jpg,5,2048,2048,JPEG,RGB
Green_iguana_Green_iguana_101.jpg,5,1536,2048,JPEG,RGB
Green_iguana_Green_iguana_102.jpg,5,1536,2048,JPEG,RGB
Green_iguana_Green_iguana_103.jpg,5,1536,2048,JPEG,RGB
Green_iguana_Green_iguana_105.jpg,5,2048,1618,JPEG,RGB
Green_iguana_Green_iguana_106.jpg,5,1536,2048,JPEG,RGB
Green_iguana_Green_iguana_107.jpg,5,1700,1142,JPEG,RGB
Green_iguana_Green_iguana_108.jpg,5,1536,2048,JPEG,RGB
Green_iguana_Green_iguana_109.jpg,5,1536,2048,JPEG,RGB
Green_iguana_Green_iguana_11.jpg,5,1152,2048,JPEG,RGB
Green_iguana_Green_iguana_110.jpg,5,1536,2048,JPEG,RGB
Green_iguana_Green_iguana_111.jpg,5,2048,1153,JPEG,RGB
Green_iguana_Green_iguana_115.jpg,5,1152,2048,JPEG,RGB
Green_iguana_Green_iguana_116.jpg,5,1152,2048,JPEG,RGB
Green_iguana_Green_iguana_117.jpg,5,922,2048,JPEG,RGB
Green_iguana_Green_iguana_118.jpg,5,2048,1536,JPEG,RGB
Green_iguana_Green_iguana_119.jpg,5,1536,2048,JPEG,RGB
Green_iguana_Green_iguana_12.jpg,5,2048,1370,JPEG,RGB
Green_iguana_Green_iguana_120.jpg,5,2048,1536,JPEG,RGB
Green_iguana_Green_iguana_121.jpg,5,2048,2045,JPEG,RGB
Green_iguana_Green_iguana_122.jpg,5,2048,1153,JPEG,RGB
Green_iguana_Green_iguana_123.jpg,5,2048,1542,JPEG,RGB
Green_iguana_Green_iguana_124.jpg,5,2048,1542,JPEG,RGB
Green_iguana_Green_iguana_125.jpg,5,655,874,JPEG,RGB
Green_iguana_Green_iguana_126.jpg,5,2048,1365,JPEG,RGB
Green_iguana_Green_iguana_127.jpg,5,1536,2048,JPEG,RGB
Green_iguana_Green_iguana_128.jpg,5,1536,2048,JPEG,RGB
Green_iguana_Green_iguana_13.jpg,5,2048,1615,JPEG,RGB
Green_iguana_Green_iguana_130.jpg,5,1536,2048,JPEG,RGB
Green_iguana_Green_iguana_131.jpg,5,1536,2048,JPEG,RGB
Green_iguana_Green_iguana_132.jpg,5,2048,1363,JPEG,RGB
Green_iguana_Green_iguana_134.jpg,5,1152,2048,JPEG,RGB
Green_iguana_Green_iguana_135.jpg,5,2048,1120,JPEG,RGB
Green_iguana_Green_iguana_136.jpg,5,2048,1536,JPEG,RGB
Green_iguana_Green_iguana_137.jpg,5,2048,1536,JPEG,RGB
Green_iguana_Green_iguana_138.jpg,5,1536,2048,JPEG,RGB
Green_iguana_Green_iguana_139.jpg,5,1536,2048,JPEG,RGB
Green_iguana_Green_iguana_14.jpg,5,2048,1938,JPEG,RGB
Green_iguana_Green_iguana_140.jpg,5,2048,1366,JPEG,RGB
Green_iguana_Green_iguana_141.jpg,5,814,990,JPEG,RGB
Green_iguana_Green_iguana_142.jpg,5,800,533,JPEG,RGB
Green_iguana_Green_iguana_144.jpg,5,1536,2048,JPEG,RGB
Green_iguana_Green_iguana_145.jpg,5,1152,2048,JPEG,RGB
Green_iguana_Green_iguana_146.jpg,5,1536,2048,JPEG,RGB
Green_iguana_Green_iguana_148.jpg,5,2048,1536,JPEG,RGB
Green_iguana_Green_iguana_149.jpg,5,2048,1152,JPEG,RGB
Green_iguana_Green_iguana_153.jpg,5,1152,2048,JPEG,RGB
Green_iguana_Green_iguana_154.jpg,5,1152,2048,JPEG,RGB
Green_iguana_Green_iguana_156.jpg,5,1616,1080,JPEG,RGB
Green_iguana_Green_iguana_158.jpg,5,946,2048,JPEG,RGB
Green_iguana_Green_iguana_159.jpg,5,2048,1365,JPEG,RGB
Green_iguana_Green_iguana_16.jpg,5,1065,1420,JPEG,RGB
Green_iguana_Green_iguana_161.jpg,5,750,1044,JPEG,RGB
Green_iguana_Green_iguana_162.jpg,5,2048,1536,JPEG,RGB
Green_iguana_Green_iguana_164.jpg,5,1536,2048,JPEG,RGB
Green_iguana_Green_iguana_165.jpg,5,2048,1536,JPEG,RGB
Green_iguana_Green_iguana_167.jpg,5,1536,2048,JPEG,RGB
Green_iguana_Green_iguana_168.jpg,5,2048,1536,JPEG,RGB
Green_iguana_Green_iguana_169.jpg,5,2048,1536,JPEG,RGB
Green_iguana_Green_iguana_17.jpg,5,1536,2048,JPEG,RGB
Green_iguana_Green_iguana_170.jpg,5,1536,2048,JPEG,RGB
Green_iguana_Green_iguana_171.jpg,5,2048,1365,JPEG,RGB
Green_iguana_Green_iguana_172.jpg,5,1600,1200,JPEG,RGB
Green_iguana_Green_iguana_173.jpg,5,1536,2048,JPEG,RGB
Green_iguana_Green_iguana_174.jpg,5,2048,1365,JPEG,RGB
Green_iguana_Green_iguana_175.jpg,5,2048,1367,JPEG,RGB
Green_iguana_Green_iguana_177.jpg,5,2048,1391,JPEG,RGB
Green_iguana_Green_iguana_178.jpg,5,945,729,JPEG,RGB
Green_iguana_Green_iguana_18.jpg,5,1536,2048,JPEG,RGB
Green_iguana_Green_iguana_180.jpg,5,1290,1670,JPEG,RGB
Green_iguana_Green_iguana_181.jpg,5,2048,1152,JPEG,RGB
Green_iguana_Green_iguana_182.jpg,5,400,500,JPEG,RGB
Green_iguana_Green_iguana_183.jpg,5,1536,2048,JPEG,RGB
Green_iguana_Green_iguana_184.jpg,5,1365,2048,JPEG,RGB
Green_iguana_Green_iguana_185.jpg,5,2048,1365,JPEG,RGB
Green_iguana_Green_iguana_187.jpg,5,1152,2048,JPEG,RGB
Green_iguana_Green_iguana_188.jpg,5,1536,2048,JPEG,RGB
Green_iguana_Green_iguana_190.jpg,5,1536,2048,JPEG,RGB
Green_iguana_Green_iguana_191.jpg,5,1832,1679,JPEG,RGB
Green_iguana_Green_iguana_192.jpg,5,1536,2048,JPEG,RGB
Green_iguana_Green_iguana_193.jpg,5,2048,1536,JPEG,RGB
Green_iguana_Green_iguana_194.jpg,5,1848,1486,JPEG,RGB
Green_iguana_Green_iguana_195.jpg,5,800,533,JPEG,RGB
Green_iguana_Green_iguana_197.jpg,5,1152,2048,JPEG,RGB
Green_iguana_Green_iguana_198.jpg,5,943,2048,JPEG,RGB
Green_iguana_Green_iguana_199.jpg,5,2048,1536,JPEG,RGB
Green_iguana_Green_iguana_2.jpg,5,2048,1365,JPEG,RGB
Green_iguana_Green_iguana_20.jpg,5,1266,2048,JPEG,RGB
Green_iguana_Green_iguana_200.jpg,5,2048,1365,JPEG,RGB
Green_iguana_Green_iguana_202.jpg,5,946,2048,JPEG,RGB
Green_iguana_Green_iguana_204.jpg,5,2048,1152,JPEG,RGB
Green_iguana_Green_iguana_205.jpg,5,2048,1536,JPEG,RGB
Green_iguana_Green_iguana_206.jpg,5,1536,2048,JPEG,RGB
Green_iguana_Green_iguana_207.jpg,5,1536,2048,JPEG,RGB
Green_iguana_Green_iguana_209.jpg,5,1536,2048,JPEG,RGB
Green_iguana_Green_iguana_21.jpg,5,1152,2048,JPEG,RGB
Green_iguana_Green_iguana_210.jpg,5,930,1148,JPEG,RGB
Green_iguana_Green_iguana_212.jpg,5,1536,2048,JPEG,RGB
Green_iguana_Green_iguana_213.jpg,5,1152,2048,JPEG,RGB
Green_iguana_Green_iguana_214.jpg,5,1365,2048,JPEG,RGB
Green_iguana_Green_iguana_215.jpg,5,1536,2048,JPEG,RGB
Green_iguana_Green_iguana_216.jpg,5,2048,1365,JPEG,RGB
Green_iguana_Green_iguana_217.jpg,5,2048,1365,JPEG,RGB
Green_iguana_Green_iguana_218.jpg,5,2048,1365,JPEG,RGB
Green_iguana_Green_iguana_219.jpg,5,2048,1536,JPEG,RGB
Green_iguana_Green_iguana_22.jpg,5,1073,1608,JPEG,RGB
Green_iguana_Green_iguana_220.jpg,5,1536,2048,JPEG,RGB
Green_iguana_Green_iguana_23.jpg,5,2048,1530,JPEG,RGB
Green_iguana_Green_iguana_24.jpg,5,1536,2048,JPEG,RGB
Green_iguana_Green_iguana_25.jpg,5,2048,1536,JPEG,RGB
Green_iguana_Green_iguana_26.jpg,5,1536,2048,JPEG,RGB
Green_iguana_Green_iguana_27.jpg,5,1536,2048,JPEG,RGB
Green_iguana_Green_iguana_28.jpg,5,1536,2048,JPEG,RGB
Green_iguana_Green_iguana_29.jpg,5,1536,2048,JPEG,RGB
Green_iguana_Green_iguana_3.jpg,5,2048,1365,JPEG,RGB
Green_iguana_Green_iguana_30.jpg,5,1536,2048,JPEG,RGB
Green_iguana_Green_iguana_31.jpg,5,1152,2048,JPEG,RGB
Green_iguana_Green_iguana_32.jpg,5,1536,2048,JPEG,RGB
Green_iguana_Green_iguana_33.jpg,5,1536,2048,JPEG,RGB
Green_iguana_Green_iguana_34.jpg,5,2048,1365,JPEG,RGB
Green_iguana_Green_iguana_36.jpg,5,2048,1536,JPEG,RGB
Green_iguana_Green_iguana_37.jpg,5,1536,2048,JPEG,RGB
Green_iguana_Green_iguana_38.jpg,5,2048,2048,JPEG,RGB
Green_iguana_Green_iguana_39.jpg,5,2048,1536,JPEG,RGB
Green_iguana_Green_iguana_4.jpg,5,1536,2048,JPEG,RGB
Green_iguana_Green_iguana_40.jpg,5,1536,2048,JPEG,RGB
Green_iguana_Green_iguana_41.jpg,5,1152,2048,JPEG,RGB
Green_iguana_Green_iguana_42.jpg,5,1152,2048,JPEG,RGB
Green_iguana_Green_iguana_43.jpg,5,1536,2048,JPEG,RGB
Green_iguana_Green_iguana_44.jpg,5,2048,1536,JPEG,RGB
Green_iguana_Green_iguana_45.jpg,5,1620,1080,JPEG,RGB
Green_iguana_Green_iguana_46.jpg,5,1536,2048,JPEG,RGB
Green_iguana_Green_iguana_47.jpg,5,1536,2048,JPEG,RGB
Green_iguana_Green_iguana_48.jpg,5,1536,2048,JPEG,RGB
Green_iguana_Green_iguana_49.jpg,5,1536,2048,JPEG,RGB
Green_iguana_Green_iguana_50.jpg,5,2048,1536,JPEG,RGB
Green_iguana_Green_iguana_51.jpg,5,2048,1365,JPEG,RGB
Green_iguana_Green_iguana_52.jpg,5,1536,2048,JPEG,RGB
Green_iguana_Green_iguana_53.jpg,5,2048,1365,JPEG,RGB
Green_iguana_Green_iguana_54.jpg,5,2048,1536,JPEG,RGB
Green_iguana_Green_iguana_56.jpg,5,1152,2048,JPEG,RGB
Green_iguana_Green_iguana_57.jpg,5,1152,2048,JPEG,RGB
Green_iguana_Green_iguana_58.jpg,5,1152,2048,JPEG,RGB
Green_iguana_Green_iguana_59.jpg,5,2048,1542,JPEG,RGB
Green_iguana_Green_iguana_6.jpg,5,1348,1348,JPEG,RGB
Green_iguana_Green_iguana_61.jpg,5,2048,1536,JPEG,RGB
Green_iguana_Green_iguana_62.jpg,5,2048,1536,JPEG,RGB
Green_iguana_Green_iguana_63.jpg,5,2048,1536,JPEG,RGB
Green_iguana_Green_iguana_65.jpg,5,2048,1536,JPEG,RGB
Green_iguana_Green_iguana_68.jpg,5,2048,1536,JPEG,RGB
Green_iguana_Green_iguana_69.jpg,5,1152,2048,JPEG,RGB
Green_iguana_Green_iguana_7.jpg,5,1260,1680,JPEG,RGB
Green_iguana_Green_iguana_71.jpg,5,1536,2048,JPEG,RGB
Green_iguana_Green_iguana_72.jpg,5,1152,2048,JPEG,RGB
Green_iguana_Green_iguana_73.jpg,5,2048,1536,JPEG,RGB
Green_iguana_Green_iguana_74.jpg,5,1536,2048,JPEG,RGB
Green_iguana_Green_iguana_77.jpg,5,2048,1368,JPEG,RGB
Green_iguana_Green_iguana_78.jpg,5,2048,1133,JPEG,RGB
Green_iguana_Green_iguana_79.jpg,5,900,700,JPEG,RGB
Green_iguana_Green_iguana_8.jpg,5,2048,1668,JPEG,RGB
Green_iguana_Green_iguana_80.jpg,5,1536,2048,JPEG,RGB
Green_iguana_Green_iguana_82.jpg,5,2048,1536,JPEG,RGB
Green_iguana_Green_iguana_83.jpg,5,2000,924,JPEG,RGB
Green_iguana_Green_iguana_85.jpg,5,1639,2048,JPEG,RGB
Green_iguana_Green_iguana_86.jpg,5,2048,1536,JPEG,RGB
Green_iguana_Green_iguana_88.jpg,5,1536,2048,JPEG,RGB
Green_iguana_Green_iguana_89.jpg,5,2048,1367,JPEG,RGB
Green_iguana_Green_iguana_90.jpg,5,2048,1367,JPEG,RGB
Green_iguana_Green_iguana_91.jpg,5,2048,1367,JPEG,RGB
Green_iguana_Green_iguana_92.jpg,5,1367,2048,JPEG,RGB
Green_iguana_Green_iguana_93.jpg,5,2048,1367,JPEG,RGB
Green_iguana_Green_iguana_94.jpg,5,1536,1024,JPEG,RGB
Green_iguana_Green_iguana_95.jpg,5,1536,2048,JPEG,RGB
Green_iguana_Green_iguana_96.jpg,5,1536,2048,JPEG,RGB
Green_iguana_Green_iguana_97.jpg,5,2048,1536,JPEG,RGB
Green_iguana_Green_iguana_98.jpg,5,2048,1536,JPEG,RGB
Green_iguana_Green_iguana_99.jpg,5,2048,1536,JPEG,RGB
Green_iguana_Iguana_iguana_10.jpg,5,2048,1371,JPEG,RGB
Green_iguana_Iguana_iguana_11.jpg,5,2048,2048,JPEG,RGB
Green_iguana_Iguana_iguana_12.jpg,5,1152,2048,JPEG,RGB
Green_iguana_Iguana_iguana_13.jpg,5,2048,1370,JPEG,RGB
Green_iguana_Iguana_iguana_14.jpg,5,2048,1615,JPEG,RGB
Green_iguana_Iguana_iguana_15.jpg,5,2048,1938,JPEG,RGB
Green_iguana_Iguana_iguana_16.jpg,5,2048,1365,JPEG,RGB
Green_iguana_Iguana_iguana_17.jpg,5,1065,1420,JPEG,RGB
Green_iguana_Iguana_iguana_18.jpg,5,1536,2048,JPEG,RGB
Green_iguana_Iguana_iguana_19.jpg,5,1536,2048,JPEG,RGB
Green_iguana_Iguana_iguana_2.jpg,5,2048,1365,JPEG,RGB
Green_iguana_Iguana_iguana_20.jpg,5,1290,1500,JPEG,RGB
Green_iguana_Iguana_iguana_3.jpg,5,2048,1365,JPEG,RGB
Green_iguana_Iguana_iguana_5.jpg,5,1536,2048,JPEG,RGB
Green_iguana_Iguana_iguana_6.jpg,5,2048,1536,JPEG,RGB
Green_iguana_Iguana_iguana_7.jpg,5,1348,1348,JPEG,RGB
Green_iguana_Iguana_iguana_8.jpg,5,1260,1680,JPEG,RGB
Green_iguana_Iguana_iguana_9.jpg,5,2048,1668,JPEG,RGB
Lesser_Antillean_iguana_Iguana_delicatissima_1.jpg,6,2048,1536,JPEG,RGB
Lesser_Antillean_iguana_Iguana_delicatissima_10.jpg,6,2048,1365,JPEG,RGB
Lesser_Antillean_iguana_Iguana_delicatissima_11.jpg,6,2048,1365,JPEG,RGB
Lesser_Antillean_iguana_Iguana_delicatissima_13.jpg,6,1365,2048,JPEG,RGB
Lesser_Antillean_iguana_Iguana_delicatissima_14.jpg,6,2048,1365,JPEG,RGB
Lesser_Antillean_iguana_Iguana_delicatissima_15.jpg,6,1365,2048,JPEG,RGB
Lesser_Antillean_iguana_Iguana_delicatissima_17.jpg,6,2048,1536,JPEG,RGB
Lesser_Antillean_iguana_Iguana_delicatissima_18.jpg,6,2048,1536,JPEG,RGB
Lesser_Antillean_iguana_Iguana_delicatissima_19.jpg,6,2048,1536,JPEG,RGB
Lesser_Antillean_iguana_Iguana_delicatissima_2.jpg,6,2048,1365,JPEG,RGB
Lesser_Antillean_iguana_Iguana_delicatissima_20.jpg,6,2048,1536,JPEG,RGB
Lesser_Antillean_iguana_Iguana_delicatissima_3.jpg,6,1365,2048,JPEG,RGB
Lesser_Antillean_iguana_Iguana_delicatissima_4.jpg,6,2048,1365,JPEG,RGB
Lesser_Antillean_iguana_Iguana_delicatissima_5.jpg,6,2048,1365,JPEG,RGB
Lesser_Antillean_iguana_Iguana_delicatissima_7.jpg,6,1920,1280,JPEG,RGB
Lesser_Antillean_iguana_Iguana_delicatissima_8.jpg,6,2048,1536,JPEG,RGB
Lesser_Antillean_iguana_Iguana_delicatissima_9.jpg,6,1920,1280,JPEG,RGB
Lesser_Antillean_iguana_Lesser_Antillean_iguana_1.jpg,6,2048,1536,JPEG,RGB
Lesser_Antillean_iguana_Lesser_Antillean_iguana_10.jpg,6,2048,1365,JPEG,RGB
Lesser_Antillean_iguana_Lesser_Antillean_iguana_100.jpg,6,2048,1536,JPEG,RGB
Lesser_Antillean_iguana_Lesser_Antillean_iguana_101.jpg,6,1039,2048,JPEG,RGB
Lesser_Antillean_iguana_Lesser_Antillean_iguana_102.jpg,6,2048,770,JPEG,RGB
Lesser_Antillean_iguana_Lesser_Antillean_iguana_103.jpg,6,2048,1536,JPEG,RGB
Lesser_Antillean_iguana_Lesser_Antillean_iguana_104.jpg,6,2048,1378,JPEG,RGB
Lesser_Antillean_iguana_Lesser_Antillean_iguana_105.jpg,6,2048,921,JPEG,RGB
Lesser_Antillean_iguana_Lesser_Antillean_iguana_106.jpg,6,1536,2048,JPEG,RGB
Lesser_Antillean_iguana_Lesser_Antillean_iguana_107.jpg,6,946,2048,JPEG,RGB
Lesser_Antillean_iguana_Lesser_Antillean_iguana_108.jpg,6,1536,2048,JPEG,RGB
Lesser_Antillean_iguana_Lesser_Antillean_iguana_109.jpg,6,2048,1365,JPEG,RGB
Lesser_Antillean_iguana_Lesser_Antillean_iguana_11.jpg,6,2048,1365,JPEG,RGB
Lesser_Antillean_iguana_Lesser_Antillean_iguana_110.jpg,6,1532,2048,JPEG,RGB
Lesser_Antillean_iguana_Lesser_Antillean_iguana_111.jpg,6,1536,2048,JPEG,RGB
Lesser_Antillean_iguana_Lesser_Antillean_iguana_112.jpg,6,2048,1599,JPEG,RGB
Lesser_Antillean_iguana_Lesser_Antillean_iguana_113.jpg,6,1536,2048,JPEG,RGB
Lesser_Antillean_iguana_Lesser_Antillean_iguana_115.jpg,6,2048,1536,JPEG,RGB
Lesser_Antillean_iguana_Lesser_Antillean_iguana_116.jpg,6,2048,1536,JPEG,RGB
Lesser_Antillean_iguana_Lesser_Antillean_iguana_117.jpg,6,2048,1536,JPEG,RGB
Lesser_Antillean_iguana_Lesser_Antillean_iguana_118.jpg,6,1632,1224,JPEG,RGB
Lesser_Antillean_iguana_Lesser_Antillean_iguana_119.jpg,6,2048,1536,JPEG,RGB
Lesser_Antillean_iguana_Lesser_Antillean_iguana_12.jpg,6,2048,1365,JPEG,RGB
Lesser_Antillean_iguana_Lesser_Antillean_iguana_120.jpg,6,1536,2048,JPEG,RGB
Lesser_Antillean_iguana_Lesser_Antillean_iguana_121.jpg,6,1536,2048,JPEG,RGB
Lesser_Antillean_iguana_Lesser_Antillean_iguana_127.jpg,6,1537,2048,JPEG,RGB
Lesser_Antillean_iguana_Lesser_Antillean_iguana_128.jpg,6,1536,2048,JPEG,RGB
Lesser_Antillean_iguana_Lesser_Antillean_iguana_13.jpg,6,1365,2048,JPEG,RGB
Lesser_Antillean_iguana_Lesser_Antillean_iguana_130.jpg,6,2048,1365,JPEG,RGB
Lesser_Antillean_iguana_Lesser_Antillean_iguana_131.jpg,6,2048,1365,JPEG,RGB
Lesser_Antillean_iguana_Lesser_Antillean_iguana_132.jpg,6,1531,2048,JPEG,RGB
Lesser_Antillean_iguana_Lesser_Antillean_iguana_133.jpg,6,1534,2045,JPEG,RGB
Lesser_Antillean_iguana_Lesser_Antillean_iguana_134.jpg,6,2048,1153,JPEG,RGB
Lesser_Antillean_iguana_Lesser_Antillean_iguana_136.jpg,6,2016,1512,JPEG,RGB
Lesser_Antillean_iguana_Lesser_Antillean_iguana_137.jpg,6,2016,1512,JPEG,RGB
Lesser_Antillean_iguana_Lesser_Antillean_iguana_138.jpg,6,2048,1365,JPEG,RGB
Lesser_Antillean_iguana_Lesser_Antillean_iguana_139.jpg,6,2048,1536,JPEG,RGB
Lesser_Antillean_iguana_Lesser_Antillean_iguana_14.jpg,6,2048,1365,JPEG,RGB
Lesser_Antillean_iguana_Lesser_Antillean_iguana_140.jpg,6,2048,1536,JPEG,RGB
Lesser_Antillean_iguana_Lesser_Antillean_iguana_143.jpg,6,1152,2048,JPEG,RGB
Lesser_Antillean_iguana_Lesser_Antillean_iguana_144.jpg,6,2048,1365,JPEG,RGB
Lesser_Antillean_iguana_Lesser_Antillean_iguana_145.jpg,6,2048,1365,JPEG,RGB
Lesser_Antillean_iguana_Lesser_Antillean_iguana_146.jpg,6,2048,1365,JPEG,RGB
Lesser_Antillean_iguana_Lesser_Antillean_iguana_147.jpg,6,2048,1365,JPEG,RGB
Lesser_Antillean_iguana_Lesser_Antillean_iguana_148.jpg,6,1365,2048,JPEG,RGB
Lesser_Antillean_iguana_Lesser_Antillean_iguana_149.jpg,6,2048,1536,JPEG,RGB
Lesser_Antillean_iguana_Lesser_Antillean_iguana_15.jpg,6,1365,2048,JPEG,RGB
Lesser_Antillean_iguana_Lesser_Antillean_iguana_151.jpg,6,2048,1536,JPEG,RGB
Lesser_Antillean_iguana_Lesser_Antillean_iguana_152.jpg,6,2048,1536,JPEG,RGB
Lesser_Antillean_iguana_Lesser_Antillean_iguana_153.jpg,6,1536,2048,JPEG,RGB
Lesser_Antillean_iguana_Lesser_Antillean_iguana_154.jpg,6,2048,1536,JPEG,RGB
Lesser_Antillean_iguana_Lesser_Antillean_iguana_155.jpg,6,1620,1080,JPEG,RGB
Lesser_Antillean_iguana_Lesser_Antillean_iguana_156.jpg,6,1536,2048,JPEG,RGB
Lesser_Antillean_iguana_Lesser_Antillean_iguana_157.jpg,6,1536,2048,JPEG,RGB
Lesser_Antillean_iguana_Lesser_Antillean_iguana_158.jpg,6,640,1136,JPEG,RGB
Lesser_Antillean_iguana_Lesser_Antillean_iguana_159.jpg,6,1152,2048,JPEG,RGB
Lesser_Antillean_iguana_Lesser_Antillean_iguana_16.jpg,6,1365,2048,JPEG,RGB
Lesser_Antillean_iguana_Lesser_Antillean_iguana_160.jpg,6,2047,2048,JPEG,RGB
Lesser_Antillean_iguana_Lesser_Antillean_iguana_161.jpg,6,2048,2048,JPEG,RGB
Lesser_Antillean_iguana_Lesser_Antillean_iguana_163.jpg,6,807,454,JPEG,RGB
Lesser_Antillean_iguana_Lesser_Antillean_iguana_165.jpg,6,2048,1365,JPEG,RGB
Lesser_Antillean_iguana_Lesser_Antillean_iguana_166.jpg,6,2048,1365,JPEG,RGB
Lesser_Antillean_iguana_Lesser_Antillean_iguana_167.jpg,6,1536,2048,JPEG,RGB
Lesser_Antillean_iguana_Lesser_Antillean_iguana_17.jpg,6,2048,1536,JPEG,RGB
Lesser_Antillean_iguana_Lesser_Antillean_iguana_170.jpg,6,2048,1365,JPEG,RGB
Lesser_Antillean_iguana_Lesser_Antillean_iguana_171.jpg,6,2048,1367,JPEG,RGB
Lesser_Antillean_iguana_Lesser_Antillean_iguana_172.jpg,6,1459,1459,JPEG,RGB
Lesser_Antillean_iguana_Lesser_Antillean_iguana_173.jpg,6,1600,1200,JPEG,RGB
Lesser_Antillean_iguana_Lesser_Antillean_iguana_174.jpg,6,1462,836,JPEG,RGB
Lesser_Antillean_iguana_Lesser_Antillean_iguana_176.jpg,6,2048,1536,JPEG,RGB
Lesser_Antillean_iguana_Lesser_Antillean_iguana_178.jpg,6,1536,2048,JPEG,RGB
Lesser_Antillean_iguana_Lesser_Antillean_iguana_179.jpg,6,2048,1536,JPEG,RGB
Lesser_Antillean_iguana_Lesser_Antillean_iguana_18.jpg,6,2048,1536,JPEG,RGB
Lesser_Antillean_iguana_Lesser_Antillean_iguana_180.jpg,6,2048,921,JPEG,RGB
Lesser_Antillean_iguana_Lesser_Antillean_iguana_181.jpg,6,2048,921,JPEG,RGB
Lesser_Antillean_iguana_Lesser_Antillean_iguana_183.jpg,6,2048,921,JPEG,RGB
Lesser_Antillean_iguana_Lesser_Antillean_iguana_184.jpg,6,2048,921,JPEG,RGB
Lesser_Antillean_iguana_Lesser_Antillean_iguana_186.jpg,6,2048,1472,JPEG,RGB
Lesser_Antillean_iguana_Lesser_Antillean_iguana_189.jpg,6,1536,2048,JPEG,RGB
Lesser_Antillean_iguana_Lesser_Antillean_iguana_19.jpg,6,2048,1536,JPEG,RGB
Lesser_Antillean_iguana_Lesser_Antillean_iguana_190.jpg,6,2048,1536,JPEG,RGB
Lesser_Antillean_iguana_Lesser_Antillean_iguana_191.jpg,6,1536,2048,JPEG,RGB
Lesser_Antillean_iguana_Lesser_Antillean_iguana_192.jpg,6,1536,2048,JPEG,RGB
Lesser_Antillean_iguana_Lesser_Antillean_iguana_193.jpg,6,721,1600,JPEG,RGB
Lesser_Antillean_iguana_Lesser_Antillean_iguana_196.jpg,6,2048,1155,JPEG,RGB
Lesser_Antillean_iguana_Lesser_Antillean_iguana_197.jpg,6,2048,1536,JPEG,RGB
Lesser_Antillean_iguana_Lesser_Antillean_iguana_198.jpg,6,1536,2048,JPEG,RGB
Lesser_Antillean_iguana_Lesser_Antillean_iguana_199.jpg,6,2048,1365,JPEG,RGB
Lesser_Antillean_iguana_Lesser_Antillean_iguana_2.jpg,6,2048,1365,JPEG,RGB
Lesser_Antillean_iguana_Lesser_Antillean_iguana_20.jpg,6,2048,1536,JPEG,RGB
Lesser_Antillean_iguana_Lesser_Antillean_iguana_200.jpg,6,2048,1365,JPEG,RGB
Lesser_Antillean_iguana_Lesser_Antillean_iguana_201.jpg,6,2048,1536,JPEG,RGB
Lesser_Antillean_iguana_Lesser_Antillean_iguana_202.jpg,6,2048,1365,JPEG,RGB
Lesser_Antillean_iguana_Lesser_Antillean_iguana_205.jpg,6,2048,1365,JPEG,RGB
Lesser_Antillean_iguana_Lesser_Antillean_iguana_206.jpg,6,1536,2048,JPEG,RGB
Lesser_Antillean_iguana_Lesser_Antillean_iguana_207.jpg,6,1920,1280,JPEG,RGB
Lesser_Antillean_iguana_Lesser_Antillean_iguana_208.jpg,6,2048,1536,JPEG,RGB
Lesser_Antillean_iguana_Lesser_Antillean_iguana_209.jpg,6,1920,1280,JPEG,RGB
Lesser_Antillean_iguana_Lesser_Antillean_iguana_21.jpg,6,2048,1536,JPEG,RGB
Lesser_Antillean_iguana_Lesser_Antillean_iguana_210.jpg,6,2048,1365,JPEG,RGB
Lesser_Antillean_iguana_Lesser_Antillean_iguana_212.jpg,6,2048,1365,JPEG,RGB
Lesser_Antillean_iguana_Lesser_Antillean_iguana_213.jpg,6,1365,2048,JPEG,RGB
Lesser_Antillean_iguana_Lesser_Antillean_iguana_214.jpg,6,2048,1365,JPEG,RGB
Lesser_Antillean_iguana_Lesser_Antillean_iguana_216.jpg,6,1365,2048,JPEG,RGB
Lesser_Antillean_iguana_Lesser_Antillean_iguana_217.jpg,6,2048,1536,JPEG,RGB
Lesser_Antillean_iguana_Lesser_Antillean_iguana_219.jpg,6,2048,1536,JPEG,RGB
Lesser_Antillean_iguana_Lesser_Antillean_iguana_22.jpg,6,1365,2048,JPEG,RGB
Lesser_Antillean_iguana_Lesser_Antillean_iguana_220.jpg,6,2048,1243,JPEG,RGB
Lesser_Antillean_iguana_Lesser_Antillean_iguana_23.jpg,6,2048,1542,JPEG,RGB
Lesser_Antillean_iguana_Lesser_Antillean_iguana_24.jpg,6,2048,1365,JPEG,RGB
Lesser_Antillean_iguana_Lesser_Antillean_iguana_25.jpg,6,2048,1365,JPEG,RGB
Lesser_Antillean_iguana_Lesser_Antillean_iguana_26.jpg,6,2048,1365,JPEG,RGB
Lesser_Antillean_iguana_Lesser_Antillean_iguana_27.jpg,6,1536,2048,JPEG,RGB
Lesser_Antillean_iguana_Lesser_Antillean_iguana_28.jpg,6,2048,1536,JPEG,RGB
Lesser_Antillean_iguana_Lesser_Antillean_iguana_29.jpg,6,2048,1536,JPEG,RGB
Lesser_Antillean_iguana_Lesser_Antillean_iguana_3.jpg,6,1365,2048,JPEG,RGB
Lesser_Antillean_iguana_Lesser_Antillean_iguana_30.jpg,6,1200,1007,JPEG,RGB
Lesser_Antillean_iguana_Lesser_Antillean_iguana_31.jpg,6,1536,2048,JPEG,RGB
Lesser_Antillean_iguana_Lesser_Antillean_iguana_32.jpg,6,1200,1600,JPEG,RGB
Lesser_Antillean_iguana_Lesser_Antillean_iguana_33.jpg,6,2048,1536,JPEG,RGB
Lesser_Antillean_iguana_Lesser_Antillean_iguana_34.jpg,6,2048,1536,JPEG,RGB
Lesser_Antillean_iguana_Lesser_Antillean_iguana_35.jpg,6,2048,1536,JPEG,RGB
Lesser_Antillean_iguana_Lesser_Antillean_iguana_36.jpg,6,2048,1536,JPEG,RGB
Lesser_Antillean_iguana_Lesser_Antillean_iguana_38.jpg,6,1536,2048,JPEG,RGB
Lesser_Antillean_iguana_Lesser_Antillean_iguana_39.jpg,6,2048,1152,JPEG,RGB
Lesser_Antillean_iguana_Lesser_Antillean_iguana_4.jpg,6,2048,1365,JPEG,RGB
Lesser_Antillean_iguana_Lesser_Antillean_iguana_40.jpg,6,2048,1152,JPEG,RGB
Lesser_Antillean_iguana_Lesser_Antillean_iguana_41.jpg,6,2048,1152,JPEG,RGB
Lesser_Antillean_iguana_Lesser_Antillean_iguana_43.jpg,6,2048,1536,JPEG,RGB
Lesser_Antillean_iguana_Lesser_Antillean_iguana_44.jpg,6,2048,1543,JPEG,RGB
Lesser_Antillean_iguana_Lesser_Antillean_iguana_45.jpg,6,1536,2048,JPEG,RGB
Lesser_Antillean_iguana_Lesser_Antillean_iguana_48.jpg,6,1536,2048,JPEG,RGB
Lesser_Antillean_iguana_Lesser_Antillean_iguana_49.jpg,6,2048,1536,JPEG,RGB
Lesser_Antillean_iguana_Lesser_Antillean_iguana_5.jpg,6,2048,1365,JPEG,RGB
Lesser_Antillean_iguana_Lesser_Antillean_iguana_50.jpg,6,1653,2048,JPEG,RGB
Lesser_Antillean_iguana_Lesser_Antillean_iguana_51.jpg,6,2048,1536,JPEG,RGB
Lesser_Antillean_iguana_Lesser_Antillean_iguana_52.jpg,6,2048,1536,JPEG,RGB
Lesser_Antillean_iguana_Lesser_Antillean_iguana_53.jpg,6,1703,1249,JPEG,RGB
Lesser_Antillean_iguana_Lesser_Antillean_iguana_54.jpg,6,1536,2048,JPEG,RGB
Lesser_Antillean_iguana_Lesser_Antillean_iguana_55.jpg,6,1536,2048,JPEG,RGB
Lesser_Antillean_iguana_Lesser_Antillean_iguana_56.jpg,6,1536,2048,JPEG,RGB
Lesser_Antillean_iguana_Lesser_Antillean_iguana_57.jpg,6,1536,2048,JPEG,RGB
Lesser_Antillean_iguana_Lesser_Antillean_iguana_59.jpg,6,2048,1365,JPEG,RGB
Lesser_Antillean_iguana_Lesser_Antillean_iguana_6.jpg,6,1536,2048,JPEG,RGB
Lesser_Antillean_iguana_Lesser_Antillean_iguana_61.jpg,6,1365,2048,JPEG,RGB
Lesser_Antillean_iguana_Lesser_Antillean_iguana_62.jpg,6,1365,2048,JPEG,RGB
Lesser_Antillean_iguana_Lesser_Antillean_iguana_63.jpg,6,1200,1600,JPEG,RGB
Lesser_Antillean_iguana_Lesser_Antillean_iguana_64.jpg,6,2048,1536,JPEG,RGB
Lesser_Antillean_iguana_Lesser_Antillean_iguana_65.jpg,6,1536,2048,JPEG,RGB
Lesser_Antillean_iguana_Lesser_Antillean_iguana_66.jpg,6,1536,2048,JPEG,RGB
Lesser_Antillean_iguana_Lesser_Antillean_iguana_67.jpg,6,2048,1536,JPEG,RGB
Lesser_Antillean_iguana_Lesser_Antillean_iguana_68.jpg,6,1536,2048,JPEG,RGB
Lesser_Antillean_iguana_Lesser_Antillean_iguana_69.jpg,6,2048,1536,JPEG,RGB
Lesser_Antillean_iguana_Lesser_Antillean_iguana_7.jpg,6,1920,1280,JPEG,RGB
Lesser_Antillean_iguana_Lesser_Antillean_iguana_71.jpg,6,956,2048,JPEG,RGB
Lesser_Antillean_iguana_Lesser_Antillean_iguana_73.jpg,6,1536,2048,JPEG,RGB
Lesser_Antillean_iguana_Lesser_Antillean_iguana_74.jpg,6,1536,2048,JPEG,RGB
Lesser_Antillean_iguana_Lesser_Antillean_iguana_75.jpg,6,2048,1152,JPEG,RGB
Lesser_Antillean_iguana_Lesser_Antillean_iguana_76.jpg,6,1536,2048,JPEG,RGB
Lesser_Antillean_iguana_Lesser_Antillean_iguana_77.jpg,6,1536,2048,JPEG,RGB
Lesser_Antillean_iguana_Lesser_Antillean_iguana_79.jpg,6,1152,2048,JPEG,RGB
Lesser_Antillean_iguana_Lesser_Antillean_iguana_8.jpg,6,2048,1536,JPEG,RGB
Lesser_Antillean_iguana_Lesser_Antillean_iguana_80.jpg,6,1536,2048,JPEG,RGB
Lesser_Antillean_iguana_Lesser_Antillean_iguana_81.jpg,6,1320,1760,JPEG,RGB
Lesser_Antillean_iguana_Lesser_Antillean_iguana_82.jpg,6,1536,2048,JPEG,RGB
Lesser_Antillean_iguana_Lesser_Antillean_iguana_83.jpg,6,1536,2048,JPEG,RGB
Lesser_Antillean_iguana_Lesser_Antillean_iguana_84.jpg,6,2048,1536,JPEG,RGB
Lesser_Antillean_iguana_Lesser_Antillean_iguana_85.jpg,6,2048,1536,JPEG,RGB
Lesser_Antillean_iguana_Lesser_Antillean_iguana_86.jpg,6,2048,1536,JPEG,RGB
Lesser_Antillean_iguana_Lesser_Antillean_iguana_87.jpg,6,2048,1536,JPEG,RGB
Lesser_Antillean_iguana_Lesser_Antillean_iguana_88.jpg,6,2048,1536,JPEG,RGB
Lesser_Antillean_iguana_Lesser_Antillean_iguana_89.jpg,6,2048,1536,JPEG,RGB
Lesser_Antillean_iguana_Lesser_Antillean_iguana_9.jpg,6,1920,1280,JPEG,RGB
Lesser_Antillean_iguana_Lesser_Antillean_iguana_91.jpg,6,1152,2048,JPEG,RGB
Lesser_Antillean_iguana_Lesser_Antillean_iguana_92.jpg,6,1536,2048,JPEG,RGB
Lesser_Antillean_iguana_Lesser_Antillean_iguana_93.jpg,6,2048,1365,JPEG,RGB
Lesser_Antillean_iguana_Lesser_Antillean_iguana_96.jpg,6,1152,2048,JPEG,RGB
Lesser_Antillean_iguana_Lesser_Antillean_iguana_97.jpg,6,2048,1365,JPEG,RGB
Lesser_Antillean_iguana_Lesser_Antillean_iguana_98.jpg,6,2048,1365,JPEG,RGB
